0,1,2,3,4,5,6,7,8,9,10,11,12,13,14,15,16,17,18,19,20,21,22,23,24,25,26,27,28,29,30,31,32,33,34,35,36,37,38,39,40,41,42,43,44,45,46,47,48,49,50,51,52,53
7941157.676545757,6315721.870993964,6315721.952997096,6315722.036327976,6315722.117279959,6315722.200920838,6315722.283359724,5548757.267230656,5548757.340999302,5548757.414638818,5548757.4883197015,5548757.563967364,5548757.638191697,8562852.82921924,8562852.943024253,8562853.05711769,8562853.174162045,8562853.28850214,8562853.404097995,7152050.515688051,7152050.614554749,7152050.7115610335,7152050.808618142,7152050.903084953,7152050.999719342,6013083.078837118,6013083.158453984,6013083.240479311,6013083.321047543,6013083.407536534,6013083.490399965,6744965.678397229,6744965.772774789,6744965.865623386,6744965.960649345,6744966.054899146,6744966.148218362,6529886.603528953,6529886.6926846355,6529886.785045813,6529886.874004215,6529886.966004208,6529887.057360325,7355817.581525767,7355817.686750378,7355817.789347221,7355817.889973103,7355817.994188104,7355818.100988998,20901058.152206346,20901058.440763384,20901058.749387402,20901059.035172436,20901059.324302554
7986738.9987378875,6350974.559520494,6350974.637849029,6350974.717317431,6350974.795674225,6350974.875391617,6350974.954778513,5579728.93868502,5579729.010481201,5579729.082712537,5579729.154955572,5579729.231786237,5579729.301820471,8610648.355945561,8610648.469164768,8610648.577120952,8610648.686138844,8610648.794681018,8610648.911145154,7191971.31208017,7191971.404108418,7191971.50103793,7191971.598095062,7191971.6932662,7191971.787728728,6046646.459990989,6046646.539408783,6046646.617544366,6046646.699239731,6046646.778196666,6046646.859702472,6782614.213575183,6782614.304999628,6782614.399975676,6782614.492802216,6782614.584191784,6782614.6773754135,6566334.614582499,6566334.702796744,6566334.79216342,6566334.884208215,6566334.9735681405,6566335.064550285,7396875.710668486,7396875.809327878,7396875.91304274,7396876.019101999,7396876.122089957,7396876.225035345,21017722.014472727,21017722.308285248,21017722.59368401,21017722.888858177,21017723.179243997
8015305.395163521,6374522.926607787,6374523.004088172,6374523.086277102,6374523.161357152,6374523.241545187,6374523.324800338,5600417.654979514,5600417.723817604,5600417.797843233,5600417.869161591,5600417.939061852,5600418.012264556,8642575.20763634,8642575.315300481,8642575.431664884,8642575.545248412,8642575.661278436,8642575.770113021,7218637.942291449,7218638.034318482,7218638.129826501,7218638.221168162,7218638.314864206,7218638.415250888,6069066.407810088,6069066.488727192,6069066.570914416,6069066.653299637,6069066.736501578,6069066.819890711,6807763.020144131,6807763.109121569,6807763.203186881,6807763.294483537,6807763.3858965095,6807763.475270722,6590681.4832838,6590681.572568663,6590681.66365184,6590681.752152398,6590681.838663946,6590681.925241343,7424302.073932641,7424302.177743235,7424302.278077971,7424302.377961278,7424302.4809094295,7424302.580311583,21095652.152522765,21095652.440128576,21095652.723002993,21095653.01955768,21095653.313442823
10606751.061750645,14350298.677156014,14350298.292667361,14350297.909025375,14350297.522719061,14350297.138663065,14350296.74262716,35145065.73740302,35145064.02046104,35145062.27319323,35145060.5455257,35145058.808703735,35145057.06165123,40916947.830497235,40916945.95926231,40916944.08390233,40916942.19734859,40916940.31155684,40916938.44105996,42004197.887372024,42004195.83842411,42004193.7680952,42004191.70544259,42004189.64478753,42004187.60095848,41267892.48339349,41267890.37114427,41267888.28386339,41267886.17707367,41267884.084796175,41267881.987289354,41810616.252666734,41810614.18898369,41810612.09269991,41810610.03157313,41810607.94698269,41810605.8709412,42641496.69974864,42641494.56767287,42641492.444909096,42641490.30891623,42641488.18333028,42641486.04765365,44735211.36715141,44735209.18499503,44735206.99813788,44735204.80609544,44735202.588603616,44735200.41184954,65475906.96011417,65475904.48567711,65475901.99589193,65475899.48049271,65475896.99093565
7945272.688948323,6317895.021334001,6317895.103328573,6317895.183796613,6317895.263577379,6317895.347754634,6317895.4277155595,5550666.508477707,5550666.5825551,5550666.65658217,5550666.7284126505,5550666.799643448,5550666.873174296,8565799.164693777,8565799.279017132,8565799.39007951,8565799.507758314,8565799.624879312,8565799.738350349,7154511.414569659,7154511.50983173,7154511.610782571,7154511.709730568,7154511.808644685,7154511.902652231,6015152.080566644,6015152.161812741,6015152.244173032,6015152.327122019,6015152.408902622,6015152.489308317,6747286.511992432,6747286.604263632,6747286.700525545,6747286.796332152,6747286.894991908,6747286.990365402,6532133.436639745,6532133.527772624,6532133.619207632,6532133.712683156,6532133.805691071,6532133.895492335,7358348.618935301,7358348.724566385,7358348.828668671,7358348.931804961,7358349.033556897,7358349.141086873,20908249.93243026,20908250.235717125,20908250.544555433,20908250.841115788,20908251.14292175
7957958.51124817,6328640.388793528,6328640.471275061,6328640.554998062,6328640.638125193,6328640.719445977,6328640.801683776,5560106.993513619,5560107.065341206,5560107.137263015,5560107.213560742,5560107.285352941,5560107.354950407,8580367.729503686,8580367.842695486,8580367.956737978,8580368.071230581,8580368.18636071,8580368.299842188,7166679.679507427,7166679.774270567,7166679.8665785855,7166679.962066827,7166680.05924983,7166680.1566759795,6025382.529673423,6025382.6132431105,6025382.700585754,6025382.782765218,6025382.861058837,6025382.9432408195,6758762.168026336,6758762.260538866,6758762.351741869,6758762.442080116,6758762.529069504,6758762.621208861,6543243.140311931,6543243.235444457,6543243.325464022,6543243.416285749,6543243.509164834,6543243.603856786,7370863.53089621,7370863.63532962,7370863.737720056,7370863.839369635,7370863.942134824,7370864.045991917,20943810.188102182,20943810.48216868,20943810.761177253,20943811.072230127,20943811.3611365
8015346.10136373,6376951.701508734,6376951.779102108,6376951.8583229305,6376951.938797021,6376952.019132584,6376952.0990963755,5602551.4860624615,5602551.552734015,5602551.619373499,5602551.692267556,5602551.765458756,5602551.837364144,8645868.12450491,8645868.236538213,8645868.352421071,8645868.463430416,8645868.578608999,8645868.68861788,7221388.32143201,7221388.4197338605,7221388.516388038,7221388.61274677,7221388.70533316,7221388.79759176,6071378.78821051,6071378.867249639,6071378.947673892,6071379.031619101,6071379.113745999,6071379.197158419,6810356.8452950455,6810356.940441726,6810357.032504559,6810357.1200274825,6810357.207891892,6810357.298885374,6593192.593850644,6593192.681444641,6593192.767869731,6593192.852993425,6593192.939848847,6593193.029360282,7427130.792889038,7427130.892960188,7427130.996982396,7427131.101023798,7427131.201441963,7427131.307824613,21103689.785358146,21103690.083041564,21103690.383059427,21103690.672518156,21103690.971514698
13033422.025073571,17087529.065416306,17087528.86085888,17087528.65549714,17087528.45240474,17087528.2424166,17087528.03497372,13435090.797587752,13435090.640637184,13435090.479127238,13435090.321362667,13435090.163676739,13435090.011402424,18794076.626773257,18794076.415825464,18794076.201057665,18794075.98523939,18794075.772870842,18794075.558859143,17198208.32186254,17198208.122834455,17198207.91897103,17198207.71593768,17198207.51065117,17198207.308630574,17701970.791258145,17701970.57995533,17701970.366812572,17701970.155178312,17701969.938410003,17701969.7239474,19351117.059663054,19351116.829093974,19351116.599386435,19351116.36535552,19351116.137605265,19351115.90142289,25413819.888301462,25413819.562174167,25413819.2406754,25413818.915550433,25413818.594854195,25413818.267502025,21958389.226965968,21958388.957835197,21958388.696394008,21958388.42574072,21958388.158063278,21958387.882959284,42702791.826824136,42702791.341181606,42702790.85071512,42702790.35726823,42702789.88064734
13058108.699446682,17123500.25161322,17123500.05203013,17123499.84957183,17123499.64276476,17123499.431905366,17123499.22873731,13464403.396129748,13464403.232284877,13464403.075037343,13464402.915120743,13464402.750389973,13464402.590247568,18836496.435619052,18836496.21872788,18836495.99865618,18836495.78089082,18836495.56659706,18836495.337549932,17235817.983223334,17235817.775073443,17235817.57010562,17235817.35959099,17235817.15648428,17235816.95122102,17738299.328244943,17738299.110726055,17738298.89081248,17738298.665454365,17738298.445382603,17738298.22959475,19391133.374346875,19391133.13739298,19391132.90622922,19391132.66286091,19391132.421594393,19391132.182283517,25462259.178437825,25462258.84927326,25462258.520723317,25462258.186564445,25462257.852790993,25462257.524692897,22003270.607674632,22003270.33009048,22003270.04770864,22003269.77182974,22003269.497244,22003269.2141197,42801728.50299839,42801728.00267577,42801727.49911405,42801726.99628372,42801726.49234284
12976733.885411667,17015251.515960786,17015251.31846016,17015251.115715556,17015250.90891177,17015250.711782683,17015250.510351244,13379363.911178572,13379363.753537536,13379363.598154385,13379363.441251447,13379363.286780346,13379363.13420543,18717634.28572849,18717634.074739605,18717633.863119386,18717633.65099448,18717633.435563304,18717633.22859492,17126965.33448973,17126965.13081013,17126964.930966645,17126964.738178227,17126964.53989566,17126964.342708398,17626093.538753785,17626093.319688756,17626093.104863394,17626092.892686587,17626092.680981595,17626092.469202098,19268495.30184221,19268495.067528553,19268494.826177843,19268494.596677203,19268494.372049592,19268494.14063944,25300914.24238665,25300913.924367238,25300913.59865428,25300913.274652425,25300912.962905597,25300912.641622968,21864072.58811282,21864072.313585363,21864072.04945778,21864071.787630547,21864071.51774906,21864071.252262514,42531833.97255905,42531833.48346054,42531832.99858875,42531832.52431471,42531832.04045971
13005791.344773512,17045518.11411023,17045517.91275769,17045517.70660305,17045517.513487354,17045517.312462214,17045517.105900206,13402939.115120819,13402938.958524315,13402938.804502774,13402938.645938829,13402938.487307316,13402938.327323062,18750308.285495546,18750308.064989287,18750307.849695176,18750307.632501584,18750307.409987766,18750307.195103087,17157125.13033381,17157124.925143365,17157124.726199552,17157124.52898547,17157124.335324664,17157124.13571735,17657650.105975386,17657649.89324213,17657649.681588005,17657649.471967842,17657649.262685057,17657649.049776208,19302926.383520786,19302926.146398216,19302925.90853105,19302925.6757909,19302925.449086186,19302925.21735889,25347018.934219033,25347018.606729127,25347018.29316018,25347017.97419866,25347017.64829612,25347017.323532518,21903256.147784486,21903255.869071126,21903255.59448724,21903255.326098695,21903255.05231968,21903254.784800477,42605523.69972511,42605523.21574305,42605522.7226535,42605522.23821872,42605521.746936195
13138980.290490957,17233960.499797344,17233960.289381843,17233960.067710277,17233959.858211003,17233959.639847063,17233959.429732297,13550280.592872186,13550280.427779775,13550280.258725844,13550280.093896013,13550279.934997126,13550279.772570956,18955292.81542082,18955292.586263902,18955292.355438143,18955292.13280503,18955291.904392302,18955291.67929985,17345667.116545595,17345666.909358356,17345666.695097044,17345666.48475673,17345666.266959492,17345666.052354094,17853614.87067336,17853614.651063047,17853614.426412467,17853614.194028776,17853613.963764388,17853613.731723517,19516905.5332784,19516905.279409476,19516905.03270822,19516904.78282726,19516904.538539153,19516904.29171263,25631318.46162523,25631318.124993745,25631317.79044204,25631317.453874085,25631317.10855686,25631316.773789123,22146485.45708816,22146485.169838574,22146484.89133024,22146484.60580436,22146484.321442317,22146484.0368447,43069240.387032926,43069239.88935732,43069239.379648685,43069238.864540555,43069238.35640932
7995245.73972041,6362713.1560135605,6362713.233712444,6362713.313147755,6362713.392131985,6362713.473563559,6362713.555274515,5590042.037562162,5590042.111237161,5590042.183786283,5590042.251587757,5590042.323246482,5590042.396311123,8626563.540833293,8626563.653768165,8626563.770635229,8626563.882024415,8626563.993064934,8626564.10690588,7205264.337416104,7205264.438129786,7205264.537791389,7205264.634085801,7205264.733432289,7205264.831604726,6057822.576883226,6057822.658036357,6057822.737121427,6057822.821273845,6057822.903304922,6057822.980547742,6795150.633981468,6795150.728294293,6795150.819817946,6795150.912098784,6795151.002718551,6795151.093230329,6578471.276183294,6578471.367165889,6578471.456715918,6578471.544218759,6578471.6361462725,6578471.728250822,7410547.473093103,7410547.577985187,7410547.683080342,7410547.782285527,7410547.887174394,7410547.989759952,21056569.426830962,21056569.70694028,21056570.00417079,21056570.283730045,21056570.570168108
2532607.3158323737,1676675.8861260028,1676675.977530775,1676676.070319123,1676676.1616801575,1676676.2509132123,1676676.3433136253,7802808.089303382,7802808.513024079,7802808.948788725,7802809.35850495,7802809.775277142,7802810.206501753,8300615.500376778,8300615.9544800855,8300616.406385938,8300616.869126499,8300617.311162018,8300617.759315231,9131743.580846459,9131744.088402513,9131744.577839682,9131745.082784167,9131745.585213164,9131746.085324552,9349413.130516125,9349413.649955373,9349414.15593552,9349414.654618828,9349415.170750191,9349415.683368262,9229096.574409515,9229097.071844622,9229097.58476731,9229098.09336916,9229098.591079026,9229099.0928845,9542614.186064739,9542614.700993512,9542615.207053492,9542615.725732105,9542616.2463901,9542616.764692951,9822853.452891687,9822853.980007239,9822854.502673237,9822855.020235369,9822855.557222376,9822856.075909011,10600104.30803936,10600104.886377046,10600105.450425407,10600106.026301589,10600106.569709737
2537210.6995151727,1678265.2167418764,1678265.306991702,1678265.399716193,1678265.4891673531,1678265.5830452184,1678265.6772540975,7810204.40497418,7810204.839248794,7810205.255366147,7810205.692593483,7810206.116184483,7810206.540680362,8308483.720694644,8308484.193406356,8308484.651337392,8308485.107243118,8308485.572348659,8308486.036520447,9140399.705795992,9140400.20076099,9140400.716043923,9140401.211995227,9140401.713521857,9140402.205827655,9358275.59675399,9358276.097704412,9358276.603338365,9358277.1153894,9358277.615087261,9358278.128935827,9237844.954287946,9237845.456612356,9237845.958323365,9237846.466800703,9237846.971784325,9237847.48565178,9551659.761738595,9551660.275995182,9551660.794080738,9551661.29820827,9551661.831339287,9551662.36113006,9832164.710811367,9832165.23149937,9832165.764369499,9832166.30179075,9832166.837508464,9832167.37377314,10610152.369502638,10610152.926405108,10610153.485699622,10610154.047722833,10610154.610088877
2517324.7276448943,1665070.3493535602,1665070.4451809134,1665070.5362519654,1665070.6297099863,1665070.7243806005,1665070.818507257,7748799.036735971,7748799.462788173,7748799.924897471,7748800.36424781,7748800.812151237,7748801.256026802,8243160.901190211,8243161.355283553,8243161.822827188,8243162.294437378,8243162.77001109,8243163.234170342,9068536.250818362,9068536.750244379,9068537.26544748,9068537.774611806,9068538.279438617,9068538.787433306,9284699.206393229,9284699.734738817,9284700.250577737,9284700.772873275,9284701.28612146,9284701.797383742,9165215.506084265,9165216.013239164,9165216.522635961,9165216.998185804,9165217.516392883,9165218.024992632,9476563.078464504,9476563.603087565,9476564.121964056,9476564.658691283,9476565.159187082,9476565.689265678,9754862.694651768,9754863.219726095,9754863.751367316,9754864.273739085,9754864.811746497,9754865.331915634,10526733.699746475,10526734.263611164,10526734.83579139,10526735.405354207,10526735.992962657
2543878.2903427035,1684162.8753316577,1684162.9641849217,1684163.0531811223,1684163.1451589598,1684163.2331263514,1684163.3237534524,7837650.504118642,7837650.917650854,7837651.326329033,7837651.742997406,7837652.16256216,7837652.57878398,8337680.745940268,8337681.187714041,8337681.629688048,8337682.065608453,8337682.511137253,8337682.948897041,9172520.052534798,9172520.545163028,9172521.034285411,9172521.52666696,9172522.021197561,9172522.505735459,9391161.492099183,9391162.000020621,9391162.50613334,9391163.022962851,9391163.52861128,9391164.031494813,9270307.618604284,9270308.108361168,9270308.610040206,9270309.111578748,9270309.604073009,9270310.086995527,9585225.144093227,9585225.653908275,9585226.163898516,9585226.673664864,9585227.17579616,9585227.662414767,9866715.696450207,9866716.230321407,9866716.743485231,9866717.277508283,9866717.80079614,9866718.317406889,10647437.182975173,10647437.723037945,10647438.280900538,10647438.846993165,10647439.405779513
15367712.702507373,14846550.340855926,14846550.358429248,14846550.37887514,14846550.396023639,14846550.415890954,14846550.433549212,18058086.482345432,18058086.5019809,18058086.52700925,18058086.54820747,18058086.56693712,18058086.58749132,22513796.180273063,22513796.21354018,22513796.24460591,22513796.27484299,22513796.30737546,22513796.33615313,27577393.787938464,27577393.8213912,27577393.863781292,27577393.90067862,27577393.942154784,27577393.98247707,25040303.386166606,25040303.421648152,25040303.455403768,25040303.48659727,25040303.517338466,25040303.552153107,25438792.210538544,25438792.248287156,25438792.282520045,25438792.31704652,25438792.35222193,25438792.381309032,28074522.207326103,28074522.248951342,28074522.283895556,28074522.323700286,28074522.361611664,28074522.395541072,27307749.478018608,27307749.515142415,27307749.558534916,27307749.59568276,27307749.63163459,27307749.668128584,33312595.100765858,33312595.155412763,33312595.205835704,33312595.252049297,33312595.313358825
15436871.441375602,14910960.315016031,14910960.33151148,14910960.351274442,14910960.368793411,14910960.385017399,14910960.397071527,18136429.313854508,18136429.337617766,18136429.355501536,18136429.38310115,18136429.404777598,18136429.42938553,22611469.579470687,22611469.607188962,22611469.636448387,22611469.662501287,22611469.692364603,22611469.715701755,27697034.968721528,27697034.992666975,27697035.03371366,27697035.058985792,27697035.094798602,27697035.124961067,25148937.66424798,25148937.69140012,25148937.71657526,25148937.751681276,25148937.78782982,25148937.816852167,25549155.265925054,25549155.288839832,25549155.31220252,25549155.337638114,25549155.365233988,25549155.39400808,28196319.994694684,28196320.027226716,28196320.06016341,28196320.09015013,28196320.117734063,28196320.150625203,27426220.687345244,27426220.713834368,27426220.73835036,27426220.76198731,27426220.783613212,27426220.81779875,33457117.48860396,33457117.520488985,33457117.556974187,33457117.591424756,33457117.618606385
15453927.557162473,14928121.621627923,14928121.632839637,14928121.646660553,14928121.662344284,14928121.67675798,14928121.68950326,18157302.85608499,18157302.873184655,18157302.896458786,18157302.913587436,18157302.931987714,18157302.950470295,22637493.50357888,22637493.527890995,22637493.552983817,22637493.581163954,22637493.608190116,22637493.63241238,27728911.9497401,27728911.98216723,27728912.01689391,27728912.041580908,27728912.062100127,27728912.08919599,25177881.978332795,25177882.00085202,25177882.027732514,25177882.0505268,25177882.07803735,25177882.10417578,25578560.16658929,25578560.19634447,25578560.219399698,25578560.24736694,25578560.27313798,25578560.304152314,28228771.56559149,28228771.592717633,28228771.620977387,28228771.653834324,28228771.688022096,28228771.726333372,27457785.94088488,27457785.96292308,27457785.991065055,27457786.020678435,27457786.046844225,27457786.07140604,33495623.792516395,33495623.83110954,33495623.866073024,33495623.891822644,33495623.919118743
15413062.408728061,14888979.182699673,14888979.201411411,14888979.218222478,14888979.235249732,14888979.254975485,14888979.274043683,18109693.335212555,18109693.35445405,18109693.37455025,18109693.39926193,18109693.421944186,18109693.44185854,22578136.6764465,22578136.710897297,22578136.739687312,22578136.76417224,22578136.783329137,22578136.812579375,27656205.140613142,27656205.17211284,27656205.198335253,27656205.22880329,27656205.266362727,27656205.29802041,25111864.130351294,25111864.157933455,25111864.183799196,25111864.207048975,25111864.235443294,25111864.26837569,25511491.722798195,25511491.753580794,25511491.779377718,25511491.809231777,25511491.830643013,25511491.852355085,28154754.11083273,28154754.143641137,28154754.179663982,28154754.20937641,28154754.239306066,28154754.2696353,27385790.058679603,27385790.090835106,27385790.120882474,27385790.145994883,27385790.1739951,27385790.208374064,33407796.382074848,33407796.41761032,33407796.447494373,33407796.483693298,33407796.512149632
15387148.538256781,14862867.390181325,14862867.413228808,14862867.427595297,14862867.44731424,14862867.464599868,14862867.478932992,18077933.15470772,18077933.17472738,18077933.197394855,18077933.218508046,18077933.240487114,18077933.259586208,22538539.887200255,22538539.90644437,22538539.93843903,22538539.962328866,22538539.989208713,22538540.01270791,27607702.585902948,27607702.623113085,27607702.65893787,27607702.680383172,27607702.71175044,27607702.740957268,25067823.77471259,25067823.798339773,25067823.829737358,25067823.85481547,25067823.886490613,25067823.91638669,25466750.529065963,25466750.55972359,25466750.596820503,25466750.627848502,25466750.652255084,25466750.690672033,28105377.287810802,28105377.3276663,28105377.358441584,28105377.393489745,28105377.420314983,28105377.450033873,27337761.827652052,27337761.86178763,27337761.889346156,27337761.919707432,27337761.951320108,27337761.975357734,33349206.96937585,33349206.999274805,33349207.037292328,33349207.07712915,33349207.10972738
15424230.81918794,14902091.275254205,14902091.289499039,14902091.308036957,14902091.324137082,14902091.33742548,14902091.35649559,18125641.762563325,18125641.77903536,18125641.80002502,18125641.82264326,18125641.84744588,18125641.86884501,22598020.268544227,22598020.298229612,22598020.317658205,22598020.341546852,22598020.364924096,22598020.3960956,27680560.75526562,27680560.786207616,27680560.80984851,27680560.83650627,27680560.867477577,27680560.898888305,25133979.05247394,25133979.08353509,25133979.111919455,25133979.143102814,25133979.17152971,25133979.198810577,25533958.599700034,25533958.635113634,25533958.663281288,25533958.6952634,25533958.72572193,25533958.75502663,28179548.822281383,28179548.846110344,28179548.8799234,28179548.91051156,28179548.946637817,28179548.9668812,27409907.560011555,27409907.588836353,27409907.621757954,27409907.65416504,27409907.68715434,27409907.718414642,33437217.216479816,33437217.25841947,33437217.296778034,33437217.327879865,33437217.35761456
20819845.196452767,30749502.006521814,30749501.56243882,30749501.126896013,30749500.681114092,30749500.241117768,30749499.80295999,31249816.76497215,31249816.3998583,31249816.021458313,31249815.64847724,31249815.269832104,31249814.891965535,37982076.13593844,37982075.69263863,37982075.254384734,37982074.81697643,37982074.37825947,37982073.93460206,45860942.11798906,45860941.59235262,45860941.08104061,45860940.56914208,45860940.05435341,45860939.53902743,46166251.41271897,46166250.81438729,46166250.2172871,46166249.611983255,46166249.02010455,46166248.41596416,47433721.36828773,47433720.74316995,47433720.12829818,47433719.50373815,47433718.88949734,47433718.27691983,61094012.87241018,61094011.93849098,61094010.99789534,61094010.06450389,61094009.132478245,61094008.20860826,52496176.94414991,52496176.23688557,52496175.519825615,52496174.8093031,52496174.10190132,52496173.40169911,58674792.10983798,58674791.40424913,58674790.69070576,58674789.99392241,58674789.2918062
16498030.136324804,17859782.595193855,17859782.532962576,17859782.47287643,17859782.412793707,17859782.346794367,17859782.284234673,21941471.74811519,21941471.673959173,21941471.59620308,21941471.51109735,21941471.429189622,21941471.34701563,27140734.802672848,27140734.707329404,27140734.600864064,27140734.50513161,27140734.408664543,27140734.31251454,32675628.06729762,32675627.95923405,32675627.84363029,32675627.744345598,32675627.635622773,32675627.52169365,29742436.164143056,29742436.071227845,29742435.968815167,29742435.87121778,29742435.759920113,29742435.65756285,30413021.447588477,30413021.345518626,30413021.233558588,30413021.12445918,30413021.01728165,30413020.91718536,33459381.008821905,33459380.887890223,33459380.778962445,33459380.66591931,33459380.551542766,33459380.436123993,33538834.262568068,33538834.134014934,33538833.99709608,33538833.87099518,33538833.735443592,33538833.60566278,39738733.83872538,39738733.70248611,39738733.56703677,39738733.43413657,39738733.30667039
15369121.31911165,14845959.413899291,14845959.42737557,14845959.443523856,14845959.46162273,14845959.480557181,14845959.502739001,18057367.734449968,18057367.7532984,18057367.771115765,18057367.79336962,18057367.81652738,18057367.84217106,22512900.094286926,22512900.122260414,22512900.146450263,22512900.17436189,22512900.20261162,22512900.229595944,27576296.137297884,27576296.174423046,27576296.206116613,27576296.249539606,27576296.27731652,27576296.307622332,25039306.68872697,25039306.72622202,25039306.7598248,25039306.79470902,25039306.82821109,25039306.856227282,25437779.645207822,25437779.668915372,25437779.709821247,25437779.742893845,25437779.779227495,25437779.80345671,28073404.713531964,28073404.754265435,28073404.79249763,28073404.827885456,28073404.858398512,28073404.897201646,27306662.510456678,27306662.545039818,27306662.587345943,27306662.62434254,27306662.67100769,27306662.70993895,33311269.12565254,33311269.163974848,33311269.208159264,33311269.252986375,33311269.304026134
15407528.726209484,14882330.206985116,14882330.223863015,14882330.23820639,14882330.25788064,14882330.275151389,14882330.293335184,18101606.07766039,18101606.096953392,18101606.116704408,18101606.134866845,18101606.15894366,18101606.186125223,22568053.94187944,22568053.965038158,22568053.994879533,22568054.022220384,22568054.045263484,22568054.070800826,27643854.6859002,27643854.72966949,27643854.759985883,27643854.789336506,27643854.821916632,27643854.86556135,25100649.93885503,25100649.971385516,25100650.004071046,25100650.03682781,25100650.066449367,25100650.096222565,25500099.088278905,25500099.116354708,25500099.1468848,25500099.175735466,25500099.206929073,25500099.233835135,28142181.09210682,28142181.125201825,28142181.15522374,28142181.18787064,28142181.22404732,28142181.263795026,27373560.443294358,27373560.480088353,27373560.51599368,27373560.548295967,27373560.57809369,27373560.606315717,33392877.55005036,33392877.585980788,33392877.620203547,33392877.661335133,33392877.698517945
15292872.405130899,14775255.038207626,14775255.065333685,14775255.0821727,14775255.099142276,14775255.121058347,14775255.140429484,17971368.932504307,17971368.962037582,17971368.991657857,17971369.01576292,17971369.040176284,17971369.063613374,22405681.703898028,22405681.73160277,22405681.763790336,22405681.793973614,22405681.82804343,22405681.862128988,27444963.198032644,27444963.235267553,27444963.270467807,27444963.318941712,27444963.35946069,27444963.399208836,24920056.282343697,24920056.311064854,24920056.345932122,24920056.3852212,24920056.41730509,24920056.45639105,25316631.516415082,25316631.55229608,25316631.584504332,25316631.621035304,25316631.660230335,25316631.694474936,27939704.378446337,27939704.419192065,27939704.45732657,27939704.494710628,27939704.540051434,27939704.576907214,27176613.82087754,27176613.857424363,27176613.89525662,27176613.93662384,27176613.977359705,27176614.010931667,33152623.340444826,33152623.38891383,33152623.442041546,33152623.486221354,33152623.53542425
11676143.8700732,11013558.509169186,11013558.534484714,11013558.559455128,11013558.588514328,11013558.61792279,11013558.650219997,12882613.224063652,12882613.261939973,12882613.29531013,12882613.334088394,12882613.373126308,12882613.41444448,16614301.743425727,16614301.79159251,16614301.845183179,16614301.887016116,16614301.933904251,16614301.98403793,18914242.582417812,18914242.633709554,18914242.689923227,18914242.743100412,18914242.78781867,18914242.84621344,18446445.69507657,18446445.745827302,18446445.795390893,18446445.849489655,18446445.904319085,18446445.959467668,17652609.736109186,17652609.78505706,17652609.832738765,17652609.87935947,17652609.933905385,17652609.984445285,16126028.397762666,16126028.445369031,16126028.491754722,16126028.534402475,16126028.580829801,16126028.630941845,16892933.538061038,16892933.586983036,16892933.625217743,16892933.672899544,16892933.727480218,16892933.7758213,15288861.030715542,15288861.07281279,15288861.111305777,15288861.154083798,15288861.197650416
11719267.065262021,11060153.050266447,11060153.077926235,11060153.106998704,11060153.131754609,11060153.158476477,11060153.187759027,12937115.065256579,12937115.1046566,12937115.138671212,12937115.171097111,12937115.210086644,12937115.247081213,16684591.052263154,16684591.096192941,16684591.13862706,16684591.173140848,16684591.218679156,16684591.263304358,18994262.09398804,18994262.14087889,18994262.18399809,18994262.236117218,18994262.297712285,18994262.343322005,18524486.09800004,18524486.14150553,18524486.19283623,18524486.246993344,18524486.299227588,18524486.345286552,17727291.675690316,17727291.726762936,17727291.769241873,17727291.8096174,17727291.847049713,17727291.89332897,16194251.874216529,16194251.911879212,16194251.948171237,16194251.992753485,16194252.03534035,16194252.071475906,16964401.471970093,16964401.512689497,16964401.556428816,16964401.59895299,16964401.64447017,16964401.688563563,15353542.68828035,15353542.72324544,15353542.759222558,15353542.798893573,15353542.837136457
11762797.606386295,11100168.103967624,11100168.128116164,11100168.154177923,11100168.181607394,11100168.210076412,11100168.232075814,12983920.869641343,12983920.899415884,12983920.927893588,12983920.95990612,12983920.983655043,12983921.011805525,16744954.964525592,16744955.006399734,16744955.040835073,16744955.08314486,16744955.119687332,16744955.159062903,19062982.246265583,19062982.291852597,19062982.336368166,19062982.383225467,19062982.429828145,19062982.4756241,18591506.607872963,18591506.6570569,18591506.696284946,18591506.740399327,18591506.786983717,18591506.831686888,17791427.95284625,17791427.992078133,17791428.029556774,17791428.069346473,17791428.107004687,17791428.147719212,16252841.679228134,16252841.719772749,16252841.758790344,16252841.79719288,16252841.835059958,16252841.871347213,17025777.630438264,17025777.674436297,17025777.713569008,17025777.753858153,17025777.792190272,17025777.83362464,15409090.84498064,15409090.880650733,15409090.914344968,15409090.946814535,15409090.985492103
11938485.008481355,11266125.989111064,11266126.006484585,11266126.024945157,11266126.042606138,11266126.058672473,11266126.076967437,13178042.559674613,13178042.581617584,13178042.603930442,13178042.625546606,13178042.658593046,13178042.683387458,16995307.58088771,16995307.608730696,16995307.64382431,16995307.67123746,16995307.702523675,16995307.73082658,19347991.45307101,19347991.487918667,19347991.525833327,19347991.563594658,19347991.605564658,19347991.645284396,18869466.76402723,18869466.79841074,18869466.835928485,18869466.867921643,18869466.913420137,18869466.94594524,18057426.135376822,18057426.16520333,18057426.19939067,18057426.231637485,18057426.26355613,18057426.29731037,16495836.54297778,16495836.568224117,16495836.600674719,16495836.625636764,16495836.656710135,16495836.684325196,17280328.521134757,17280328.553893156,17280328.5863972,17280328.614624206,17280328.6445597,17280328.6762094,15639470.744495919,15639470.774958728,15639470.805860322,15639470.833571674,15639470.864819065
11730597.112715404,11067120.15705264,11067120.188431615,11067120.218474742,11067120.248360774,11067120.279351724,11067120.307760248,12945264.54801424,12945264.578102501,12945264.611589173,12945264.640875261,12945264.670740427,12945264.70818447,16695101.151464721,16695101.199918222,16695101.24817298,16695101.293572165,16695101.334970064,16695101.37040774,19006227.12770694,19006227.178228453,19006227.229336817,19006227.275259048,19006227.322167195,19006227.371370737,18536155.209037334,18536155.262051575,18536155.31185607,18536155.355513457,18536155.392876524,18536155.440259185,17738458.59610207,17738458.644262612,17738458.685759198,17738458.73080665,17738458.78098684,17738458.828921456,16204453.106163315,16204453.149515552,16204453.188528964,16204453.223380642,16204453.265506366,16204453.308474759,16975087.849754363,16975087.89331902,16975087.93517564,16975087.975312386,16975088.01242752,16975088.0582403,15363214.336289117,15363214.379634732,15363214.417391073,15363214.451979127,15363214.486580158
11675352.822601475,11017539.50835177,11017539.537363328,11017539.562842526,11017539.594224926,11017539.623025708,11017539.654965911,12887269.821726307,12887269.853809716,12887269.890551526,12887269.92804554,12887269.964378335,12887269.9953997,16620307.1949316,16620307.245114373,16620307.299773017,16620307.348157419,16620307.391779859,16620307.442986945,18921079.383115523,18921079.442906816,18921079.49728911,18921079.544381756,18921079.595003325,18921079.654576894,18453113.414727185,18453113.471889116,18453113.52699301,18453113.579195984,18453113.62472315,18453113.67609099,17658990.50352812,17658990.547136102,17658990.602257423,17658990.64707833,17658990.699863024,17658990.746478032,16131857.353048464,16131857.393363686,16131857.444434388,16131857.491687195,16131857.531389687,16131857.578319984,16899039.697620604,16899039.742077656,16899039.79274259,16899039.842546526,16899039.897599634,16899039.938183825,15294387.383865137,15294387.427392263,15294387.469182217,15294387.511746824,15294387.555251371
11682692.288316244,11023155.595108768,11023155.626875553,11023155.657564292,11023155.690017845,11023155.718816774,11023155.74618203,12893838.99226968,12893839.027279926,12893839.065005627,12893839.098397423,12893839.128185784,12893839.159512145,16628779.240311703,16628779.283903867,16628779.330420889,16628779.377982086,16628779.419533286,16628779.464884143,18930724.201390523,18930724.261244994,18930724.31582739,18930724.369304385,18930724.42789017,18930724.48003725,18462519.691230748,18462519.740885373,18462519.78949048,18462519.842731316,18462519.89186833,18462519.9406068,17667991.97790706,17667992.02358245,17667992.073883574,17667992.126540862,17667992.16874252,17667992.207472157,16140080.370763699,16140080.420654984,16140080.465967188,16140080.508361911,16140080.551253803,16140080.59626152,16907653.76936774,16907653.811425608,16907653.859732214,16907653.902429525,16907653.94568927,16907653.99138973,15302183.485676618,15302183.525683856,15302183.571370209,15302183.621356621,15302183.658935323
11785270.659582455,11120036.606820107,11120036.626434289,11120036.650986956,11120036.677730074,11120036.703681448,11120036.73080733,13007161.141705304,13007161.175724931,13007161.209620606,13007161.242721476,13007161.277867237,13007161.316493899,16774927.26014097,16774927.298721991,16774927.34047232,16774927.38124675,16774927.42460242,16774927.465404361,19097103.654159576,19097103.702243604,19097103.747241374,19097103.79699644,19097103.84081377,19097103.8886034,18624784.10359292,18624784.144837465,18624784.191215344,18624784.23562588,18624784.27922346,18624784.327882625,17823273.36874495,17823273.414438598,17823273.457202826,17823273.509817418,17823273.55438487,17823273.600954898,16281933.164369436,16281933.20632304,16281933.23817409,16281933.273248257,16281933.311536435,16281933.349246796,17056252.60906968,17056252.642290443,17056252.685269978,17056252.724220816,17056252.76646246,17056252.807881005,15436672.062782666,15436672.10216974,15436672.141047955,15436672.175643258,15436672.213921918
11751464.538223641,11088474.819623046,11088474.848495292,11088474.875818543,11088474.901340624,11088474.93173637,11088474.959254935,12970243.186166625,12970243.215375908,12970243.250346668,12970243.284191042,12970243.318210006,12970243.350646578,16727315.322329571,16727315.362874744,16727315.402701672,16727315.443002045,16727315.485922113,16727315.5293289,19042900.74273648,19042900.78618295,19042900.832854304,19042900.877805237,19042900.921507854,19042900.968848586,18571921.772021804,18571921.813355256,18571921.85755921,18571921.909568436,18571921.95291488,18571922.00826723,17772685.95526513,17772686.00005928,17772686.042014156,17772686.086225722,17772686.127930485,17772686.172842827,16235720.49418305,16235720.527819546,16235720.565770041,16235720.608591363,16235720.64567597,16235720.686685495,17007842.21027377,17007842.258610196,17007842.306062914,17007842.347546365,17007842.39245077,17007842.430673067,15392858.502038669,15392858.536841175,15392858.57885243,15392858.615567315,15392858.651960082
11745915.242539123,11085149.554481568,11085149.585256312,11085149.616557986,11085149.646417122,11085149.674194777,11085149.705010736,12966353.621918928,12966353.655099357,12966353.68155242,12966353.712732404,12966353.742837986,12966353.774512695,16722299.05522141,16722299.106323453,16722299.146081451,16722299.18850992,16722299.228144843,16722299.269448007,19037190.07731972,19037190.12370858,19037190.17634659,19037190.22449591,19037190.270778883,19037190.317474354,18566352.360283073,18566352.399416305,18566352.448069505,18566352.491430767,18566352.53491887,18566352.579782978,17767356.208589848,17767356.2563966,17767356.30187383,17767356.34154071,17767356.38343545,17767356.417175274,16230851.658098282,16230851.693689097,16230851.726894232,16230851.765455991,16230851.803633315,16230851.84609027,17002741.821382746,17002741.863912772,17002741.90718931,17002741.946519613,17002741.98911917,17002742.03494068,15388242.417062063,15388242.453541562,15388242.49062465,15388242.529977273,15388242.565626355
16739664.521574847,24448034.459825743,24448034.1105868,24448033.761905245,24448033.40877859,24448033.05514291,24448032.69484368,24036104.435376134,24036104.11796824,24036103.805294927,24036103.487758517,24036103.17668082,24036102.858859994,29964521.954012297,29964521.570918914,29964521.17243192,29964520.779152412,29964520.38906869,29964520.00027746,34120270.89495624,34120270.451425746,34120270.01355704,34120269.57937176,34120269.132964015,34120268.694474116,36449063.582289465,36449063.080960006,36449062.5811614,36449062.07590087,36449061.574955985,36449061.06512659,35909933.328678146,35909932.820005514,35909932.30704277,35909931.80556836,35909931.30306063,35909930.80195478,41913405.60550097,41913404.93881152,41913404.27390178,41913403.602201425,41913402.93084862,41913402.25484303,36891835.95066803,36891835.41269005,36891834.87749574,36891834.34298738,36891833.79367504,36891833.25546894,33091082.215432636,33091081.737606958,33091081.260249097,33091080.783167165,33091080.305134606
16811854.985241503,24561999.471949644,24561999.11892779,24561998.76887599,24561998.415328957,24561998.057000082,24561997.691877473,24146133.831878934,24146133.50683674,24146133.184651885,24146132.85951328,24146132.532414753,24146132.205833677,30101145.9932116,30101145.59341748,30101145.19431353,30101144.80324587,30101144.41307651,30101144.021823987,34275847.35067852,34275846.90563821,34275846.45652493,34275846.00857939,34275845.556699716,34275845.107747085,36616983.63342604,36616983.13155269,36616982.61425884,36616982.10185412,36616981.59271896,36616981.08248333,36075880.63311777,36075880.11753899,36075879.606214084,36075879.09593381,36075878.58132788,36075878.070707604,42111488.429838926,42111487.745712265,42111487.064368,42111486.38272795,42111485.69091429,42111485.0082882,37063539.384473555,37063538.83044847,37063538.273290694,37063537.72034701,37063537.169135585,37063536.611096725,33244962.25298056,33244961.766385645,33244961.278794196,33244960.793080293,33244960.296591498
16749933.172716284,24468068.707105953,24468068.360703167,24468068.005485762,24468067.648028545,24468067.28920244,24468066.936350517,24054117.311199695,24054117.000357427,24054116.69016874,24054116.371930428,24054116.05212541,24054115.731633686,29986523.427233696,29986523.036662273,29986522.644901935,29986522.256740417,29986521.871350933,29986521.478269506,34145327.23602066,34145326.791195616,34145326.345160596,34145325.90596963,34145325.46251585,34145325.02181904,36477271.40094297,36477270.900326304,36477270.40340945,36477269.89805628,36477269.3863141,36477268.88607204,35938150.87017042,35938150.366616815,35938149.855951086,35938149.35021524,35938148.84673958,35938148.33695965,41950010.22249505,41950009.55329385,41950008.88691702,41950008.22106327,41950007.55142588,41950006.88463171,36921843.21008054,36921842.67019894,36921842.13573677,36921841.59763017,36921841.05323772,36921840.51946287,33117886.29709217,33117885.818775665,33117885.332016643,33117884.854062065,33117884.381607093
11874981.608392881,11205527.031220522,11205527.047201203,11205527.067902504,11205527.094913475,11205527.118510546,11205527.143376779,13107159.687661098,13107159.715910397,13107159.742613968,13107159.769454343,13107159.796025777,13107159.822303507,16903892.184434537,16903892.215846114,16903892.25099682,16903892.28533282,16903892.318972394,16903892.35682743,19243921.33431368,19243921.374945834,19243921.41485939,19243921.449991506,19243921.492243268,19243921.533544086,18767970.57599305,18767970.612492286,18767970.649099946,18767970.691522766,18767970.73700141,18767970.77822838,17960297.827830095,17960297.8652073,17960297.90685494,17960297.938772414,17960297.977700993,17960298.023254357,16407107.834439795,16407107.867992248,16407107.899149518,16407107.93674729,16407107.96925257,16407108.003065037,17187380.180175304,17187380.21571845,17187380.2534761,17187380.288003698,17187380.329640068,17187380.37089623,15555348.371999964,15555348.402772693,15555348.43445931,15555348.47206373,15555348.514458535
11775447.407571206,11111172.766464427,11111172.7919376,11111172.817586333,11111172.842521688,11111172.868566243,11111172.892809778,12996793.066453727,12996793.100263141,12996793.133316481,12996793.166582763,12996793.196686605,12996793.228817612,16761555.859308783,16761555.899154363,16761555.942097241,16761555.98230792,16761556.01866503,16761556.054324348,19081881.222419657,19081881.26888269,19081881.312720876,19081881.35183495,19081881.394541673,19081881.430438783,18609938.1483242,18609938.19423789,18609938.243993822,18609938.293097556,18609938.339224234,18609938.38195186,17809066.307001565,17809066.350567076,17809066.390773304,17809066.437194634,17809066.483644202,17809066.52386764,16268954.70897885,16268954.749855973,16268954.786273004,16268954.826385021,16268954.871458307,16268954.912497342,17042656.962147657,17042657.00785686,17042657.048946086,17042657.09425063,17042657.129911203,17042657.175833,15424367.410709132,15424367.448718265,15424367.485616054,15424367.524946945,15424367.566569012
11828907.592305405,11159545.82089298,11159545.845963154,11159545.872361768,11159545.897117509,11159545.923138157,11159545.946952652,13053375.259232584,13053375.290258773,13053375.318152014,13053375.346866112,13053375.377584107,13053375.408106301,16834528.11175713,16834528.14794423,16834528.186984964,16834528.225780915,16834528.271374516,16834528.30397482,19164955.115522686,19164955.157905847,19164955.20267308,19164955.24821603,19164955.28721265,19164955.323561106,18690957.40977936,18690957.44724152,18690957.48698991,18690957.528891947,18690957.572899297,18690957.617420707,17886598.899912592,17886598.939835243,17886598.97882577,17886599.01181631,17886599.05427362,17886599.092995442,16339782.328049073,16339782.366165066,16339782.400747165,16339782.438881379,16339782.481703307,16339782.522298306,17116852.902961954,17116852.947370555,17116852.986860443,17116853.029186983,17116853.066354033,17116853.09656323,15491518.03094801,15491518.06672048,15491518.099206427,15491518.129686374,15491518.166761106
11705934.252363272,11045923.351947414,11045923.382031972,11045923.412789159,11045923.440448882,11045923.467481134,11045923.495620843,12920470.536792185,12920470.568574246,12920470.599331992,12920470.639255216,12920470.675200194,12920470.70867618,16663125.103354901,16663125.14825011,16663125.18584673,16663125.234368518,16663125.272964172,16663125.319913425,18969824.595062733,18969824.64069531,18969824.69545746,18969824.74738644,18969824.796880834,18969824.84814886,18500653.011015452,18500653.058838606,18500653.11202412,18500653.15550801,18500653.19807117,18500653.24623814,17704484.230139934,17704484.276703767,17704484.325275782,17704484.375161763,17704484.42081372,17704484.463449217,16173416.815523133,16173416.85654386,16173416.898129206,16173416.941003885,16173416.984359952,16173417.024454843,16942575.581630755,16942575.62688953,16942575.665626526,16942575.713315744,16942575.754304223,16942575.80048719,15333789.28452407,15333789.323885843,15333789.363418179,15333789.401237695,15333789.441868598
11817711.296433592,11153981.341965402,11153981.367108703,11153981.3919645,11153981.416165305,11153981.441145934,11153981.466104956,13046866.462994104,13046866.496047955,13046866.519701691,13046866.545822386,13046866.574154498,13046866.597767303,16826133.90426608,16826133.936877932,16826133.975675356,16826134.01605939,16826134.05928699,16826134.100568205,19155398.895703632,19155398.930096224,19155398.972118624,19155399.019073356,19155399.063871365,19155399.111126762,18681637.54623912,18681637.58288453,18681637.620030835,18681637.654512446,18681637.695093285,18681637.73666997,17877680.098179255,17877680.13189366,17877680.176460437,17877680.22095916,17877680.2561858,17877680.28728005,16331634.811538568,16331634.845658367,16331634.88256362,16331634.915642405,16331634.953623578,16331634.986556185,17108317.90253117,17108317.93781033,17108317.97568356,17108318.0108036,17108318.04738684,17108318.089579288,15483793.468722776,15483793.502448538,15483793.532345625,15483793.563586805,15483793.5848449
11750254.369115762,11086975.549020188,11086975.574638365,11086975.603901902,11086975.626545513,11086975.651581623,11086975.67929983,12968489.47184072,12968489.502178613,12968489.536563793,12968489.573177809,12968489.604684677,12968489.636949362,16725053.609087577,16725053.650676105,16725053.693378137,16725053.736321757,16725053.776156638,16725053.816142112,19040325.933237206,19040325.981319603,19040326.029427636,19040326.074265998,19040326.124907352,19040326.1674881,18569410.65463617,18569410.70551948,18569410.759533763,18569410.812336627,18569410.85655129,18569410.900202423,17770282.909497805,17770282.96156566,17770283.01210676,17770283.06013646,17770283.105179377,17770283.152180526,16233525.287214873,16233525.333169043,16233525.381476577,16233525.420645196,16233525.45809186,16233525.499212943,17005542.634500157,17005542.678491086,17005542.720402803,17005542.763232857,17005542.811654024,17005542.8583642,15390777.287234204,15390777.32804428,15390777.373775162,15390777.416608304,15390777.45311424
11771466.44652673,11105955.056282522,11105955.081657588,11105955.103354719,11105955.129589358,11105955.157365508,11105955.187495563,12990689.89242346,12990689.921606317,12990689.956122756,12990689.988020394,12990690.014838606,12990690.050362892,16753684.77748721,16753684.817938337,16753684.858748654,16753684.89988941,16753684.939326122,16753684.978032516,19072920.53933609,19072920.58407588,19072920.622814093,19072920.67127698,19072920.713252038,19072920.761233263,18601199.088261217,18601199.12910487,18601199.16424979,18601199.208643854,18601199.251205634,18601199.290601913,17800703.29592701,17800703.3382972,17800703.378821407,17800703.41600936,17800703.46195733,17800703.507718038,16261314.915407099,16261314.953078713,16261314.994309152,16261315.036793789,16261315.078419395,16261315.114974884,17034653.826884944,17034653.866739824,17034653.90275009,17034653.94054131,17034653.981942996,17034654.01807337,15417124.186128149,15417124.214733167,15417124.249061298,15417124.284007031,15417124.322018458
11740260.14225542,11077552.601455688,11077552.632462898,11077552.658905748,11077552.686311046,11077552.717147896,11077552.746694095,12957467.425835298,12957467.455738125,12957467.487797735,12957467.516770424,12957467.549920792,12957467.58129235,16710838.813382406,16710838.85607525,16710838.898595303,16710838.944097495,16710838.991276247,16710839.040532773,19024143.387876064,19024143.439342454,19024143.480644386,19024143.520333916,19024143.572002735,19024143.614532538,18553628.337901633,18553628.387693092,18553628.42488334,18553628.463829704,18553628.513027832,18553628.551300414,17755179.751373906,17755179.790332433,17755179.83339214,17755179.874216538,17755179.9134044,17755179.966007784,16219728.213015249,16219728.25317772,16219728.294103922,16219728.336321134,16219728.374944644,16219728.416854171,16991089.393258233,16991089.42680186,16991089.468280293,16991089.512367263,16991089.54981766,16991089.584147185,15377696.429455688,15377696.46831813,15377696.506839111,15377696.536575034,15377696.572253408
14993371.229939243,16097670.940560285,16097670.885234918,16097670.830280704,16097670.779949466,16097670.736191934,16097670.690835332,17799695.732711915,17799695.669066023,17799695.60661554,17799695.549240697,17799695.487485792,17799695.422210164,20067759.479867846,20067759.400463097,20067759.32595575,20067759.247923434,20067759.170199465,20067759.094872847,20152057.412440024,20152057.334505633,20152057.255247783,20152057.182651512,20152057.09814158,20152057.021505106,17347350.102491595,17347350.026477933,17347349.955205083,17347349.8830737,17347349.810068898,17347349.735417392,20771125.184493013,20771125.105592646,20771125.026087694,20771124.947814748,20771124.863453116,20771124.77840285,21967041.22236408,21967041.13800709,21967041.05151822,21967040.95551662,21967040.86629709,21967040.777666785,25530725.892651904,25530725.788513772,25530725.678457946,25530725.580716066,25530725.47307959,25530725.369618654,25038259.954966705,25038259.84708643,25038259.745431293,25038259.638264325,25038259.531944808
15138798.64379424,16251320.643245745,16251320.585942267,16251320.532969477,16251320.473807624,16251320.417152688,16251320.358259292,17969196.310520686,17969196.238522276,17969196.168708794,17969196.092635542,17969196.02457547,17969195.95317994,20258771.256021965,20258771.1712133,20258771.090759292,20258771.003588364,20258770.92549133,20258770.838938326,20343781.938825533,20343781.855462655,20343781.766722813,20343781.677566357,20343781.59409208,20343781.51130735,17512190.36866018,17512190.289336663,17512190.21295057,17512190.142547652,17512190.065244928,17512189.98651,20968801.50135963,20968801.411440074,20968801.32465394,20968801.238621857,20968801.154506043,20968801.069967538,22176061.688098174,22176061.597420305,22176061.49872865,22176061.40106892,22176061.31286432,22176061.223367997,25773337.110096492,25773336.99707412,25773336.88274693,25773336.763968885,25773336.653984353,25773336.543449476,25276326.51602281,25276326.408645894,25276326.294822082,25276326.188949015,25276326.090825215
15252126.39696062,16376191.653118493,16376191.58760859,16376191.529039517,16376191.474085525,16376191.414296124,16376191.353125647,18108218.067350134,18108217.989107974,18108217.907657016,18108217.82873671,18108217.74964399,18108217.672339357,20415715.731302004,20415715.63738087,20415715.543018807,20415715.451408494,20415715.35926816,20415715.270045567,20501600.864461005,20501600.77095702,20501600.67513986,20501600.582595866,20501600.484041445,20501600.387908082,17648526.200884912,17648526.117327303,17648526.03422713,17648525.94740891,17648525.867837798,17648525.78046109,21131319.30714211,21131319.21462715,21131319.11872937,21131319.02402006,21131318.9308608,21131318.84257132,22348025.961713858,22348025.862271108,22348025.76691635,22348025.668709654,22348025.564974096,22348025.46987094,25973963.613900762,25973963.484752614,25973963.361678608,25973963.230229832,25973963.111781124,25973962.994596116,25472758.397003695,25472758.27654757,25472758.156123508,25472758.03712168,25472757.914786793
1112796.5049510293,147652.62034523135,147652.67482844953,147652.7292951812,147652.7831053412,147652.8377700752,147652.8929936955,196056.74540558466,196056.81843085206,196056.8903048617,196056.9636384839,196057.03669832836,196057.1092814594,228247.7553438713,228247.84001048116,228247.9255370697,228248.0100158058,228248.0948146991,228248.18012798668,236651.904153569,236651.9928340882,236652.08214276095,236652.17041366987,236652.25755241732,236652.346581455,220380.05311088872,220380.13552980885,220380.2182570306,220380.30121785318,220380.38276561984,220380.46531645165,238762.68560619283,238762.7744338496,238762.86377375614,238762.95328672853,238763.0425820964,238763.1324367083,255602.72875605364,255602.8249537261,255602.92044952034,255603.01685681997,255603.11289767254,255603.20863531885,323522.4210870022,323522.54280666634,323522.6632908071,323522.78477600677,323522.9061954695,323523.027358233,306052.8078057762,306052.92206555046,306053.0368371971,306053.1519668404,306053.26764214603
1098816.5306071648,145842.01865767772,145842.07335857334,145842.12858443285,145842.18297462925,145842.2376444412,145842.29300151943,193652.59142519234,193652.66478316006,193652.73781067703,193652.8111756876,193652.88439103673,193652.95741737282,225448.86663799605,225448.95144930063,225449.03642542468,225449.12207992893,225449.20682771297,225449.29211457062,233749.96628422712,233750.0545519107,233750.14235998737,233750.2309550424,233750.3198966386,233750.4077917203,217677.65467605225,217677.73636464227,217677.8185642324,217677.90049525394,217677.9825766189,217678.06462844415,235834.87475643927,235834.96409019743,235835.05352339154,235835.14216113044,235835.23124690188,235835.32151812187,252468.42436561675,252468.5193570068,252468.61627239588,252468.7124646155,252468.8090716395,252468.9055796028,319555.26783007634,319555.3895094103,319555.50988159084,319555.63246255246,319555.7553662534,319555.876133924,302299.88659549574,302300.0033003721,302300.1180642213,302300.2331281013,302300.34878250916
7540989.129932684,8099109.23825939,8099109.193981991,8099109.152856879,8099109.109751918,8099109.067916345,8099109.024445873,9350822.393768197,9350822.350183053,9350822.302126843,9350822.257121911,9350822.214499133,9350822.16326116,12152152.514697868,12152152.45203564,12152152.397576626,12152152.341776557,12152152.274155922,12152152.211860027,22693173.132726658,22693172.991038457,22693172.858699996,22693172.720558025,22693172.584852885,22693172.451306954,38093683.89198532,38093683.65117252,38093683.39894159,38093683.161920145,38093682.91575613,38093682.68485195,26943744.027425993,26943743.860917322,26943743.706427336,26943743.538333245,26943743.37968287,26943743.21660353,21828705.12821138,21828704.997897908,21828704.857256476,21828704.72645266,21828704.60087751,21828704.468629114,24199510.54081537,24199510.389982548,24199510.24112898,24199510.101473488,24199509.9720529,24199509.827160332,25706638.225054823,25706638.088082198,25706637.943945628,25706637.808073163,25706637.666801818
1093604.7514811147,145643.5688349101,145643.62346456133,145643.67757183756,145643.73257954075,145643.78774493278,145643.8423508301,193389.08551871602,193389.15820416866,193389.23138048287,193389.30443786475,193389.37732809823,193389.45025314306,225142.09380035277,225142.17893130312,225142.2639788806,225142.34858486804,225142.43312919632,225142.51823945183,233431.89724947308,233431.9850589872,233432.07201370687,233432.16095723835,233432.24938416408,233432.33810937472,217381.45450147052,217381.53721170317,217381.61950785294,217381.70170469952,217381.78316023573,217381.866412174,235513.9715523271,235514.06106954493,235514.15124579478,235514.24121024474,235514.33009627767,235514.41813990078,252124.8868863829,252124.9831600972,252125.07919990932,252125.17545159074,252125.27225274683,252125.36795525826,319120.4450396126,319120.56542206457,319120.68735527253,319120.80910045805,319120.92979761644,319121.0511190709,301888.54068422853,301888.65443564905,301888.7690312626,301888.8841498187,301888.9989416265
15397302.867865207,18477053.896432288,18477053.730293054,18477053.561765637,18477053.394916415,18477053.22759228,18477053.05662689,23849832.63962367,23849832.523904357,23849832.41422478,23849832.302145734,23849832.190224815,23849832.079592053,31710117.833802428,31710117.709298633,31710117.58218619,31710117.457540996,31710117.33225555,31710117.20518568,41079128.675454,41079128.52453384,41079128.37264457,41079128.22627711,41079128.06892319,41079127.91548606,13017293.043806668,13017292.840748655,13017292.637687113,13017292.435003355,13017292.231482686,13017292.02986967,13564581.127093349,13564580.911749728,13564580.697483046,13564580.48256752,13564580.267047685,13564580.054794911,21025995.174030904,21025994.802368578,21025994.42915021,21025994.059393764,21025993.68400578,21025993.31421902,16315305.463189948,16315305.213815609,16315304.96415775,16315304.716873799,16315304.469654016,16315304.227277542,38016680.89639484,38016680.674488015,38016680.448042825,38016680.22742146,38016679.99932462
15366763.89852477,18441521.66100583,18441521.495753784,18441521.32357226,18441521.16234674,18441520.996783644,18441520.82945683,23805718.122671943,23805718.016109828,23805717.90868413,23805717.795721527,23805717.680309944,23805717.57528841,31651856.799835328,31651856.66515763,31651856.54642356,31651856.42446952,31651856.305073943,31651856.180536572,41003958.986640066,41003958.819429465,41003958.673516326,41003958.5305814,41003958.380968325,41003958.23194016,12991016.31624262,12991016.110919006,12991015.906430153,12991015.704237053,12991015.503555808,12991015.30231092,13537148.332570497,13537148.124980304,13537147.9160206,13537147.705338156,13537147.49441981,13537147.282797672,20982768.022979733,20982767.65676571,20982767.289406415,20982766.92254162,20982766.563585356,20982766.197359752,16282345.954226239,16282345.711801458,16282345.469142724,16282345.229097076,16282344.983517999,16282344.734476084,37945661.010291934,37945660.79095971,37945660.574411325,37945660.3611362,37945660.14027956
15135752.34285806,18137126.821148615,18137126.66720609,18137126.512937594,18137126.359143835,18137126.206643883,18137126.051131923,23400250.86019427,23400250.76129441,23400250.667347163,23400250.573591415,23400250.47745146,23400250.380032968,31109941.024130475,31109940.92402449,31109940.813382942,31109940.700363625,31109940.589494042,31109940.492592987,40299740.45710549,40299740.340303004,40299740.2122112,40299740.090422414,40299739.961518094,40299739.84065031,12785495.554896517,12785495.360995464,12785495.167789657,12785494.977308193,12785494.786073444,12785494.594861723,13323355.216045883,13323355.013260858,13323354.808064671,13323354.608159035,13323354.408034135,13323354.209394727,20656431.83880818,20656431.490452226,20656431.140624125,20656430.791648187,20656430.44380982,20656430.09721472,16024938.187145181,16024937.953649756,16024937.722634796,16024937.486661093,16024937.255544068,16024937.027941266,37304381.32308142,37304381.13312431,37304380.94525148,37304380.75634247,37304380.57025667
15387491.408660913,18465095.0783605,18465094.908968598,18465094.746765427,18465094.5750879,18465094.407517485,18465094.242916215,23835707.4851135,23835707.379540518,23835707.25924189,23835707.14780593,23835707.038587898,23835706.917922243,31691631.44506339,31691631.32195777,31691631.191078894,31691631.062340252,31691630.931266095,31691630.792202894,41055408.85122765,41055408.725549646,41055408.58653431,41055408.42971665,41055408.299451865,41055408.155237,13007935.945891343,13007935.744312253,13007935.542563817,13007935.341359388,13007935.138269728,13007934.937959945,13554792.188387245,13554791.978545936,13554791.772452723,13554791.559239417,13554791.348742034,13554791.143224465,21010293.837620348,21010293.470397424,21010293.10324156,21010292.740421854,21010292.38314149,21010292.025691953,16303558.68964021,16303558.45177899,16303558.211480234,16303557.970569223,16303557.731417315,16303557.492472244,37993640.104481705,37993639.895827845,37993639.681563035,37993639.46478884,37993639.25794472
6523730.945223602,4941137.965454442,4941138.046364483,4941138.130626385,4941138.21152692,4941138.29558349,4941138.37836116,4870618.722527467,4870618.779076735,4870618.829987621,4870618.883255565,4870618.936787735,4870618.991202822,6573298.089710409,6573298.151796177,6573298.213287145,6573298.272408324,6573298.336207956,6573298.39318139,20355331.322680686,20355331.39265887,20355331.474668473,20355331.532991808,20355331.59231882,20355331.660209443,15399392.306160375,15399392.4017141,15399392.489710983,15399392.579443332,15399392.661343697,15399392.74465776,31087981.45027641,31087981.537934676,31087981.630481813,31087981.69941611,31087981.796978846,31087981.888030883,24697275.567742206,24697275.70916881,24697275.85376374,24697275.983253278,24697276.119007878,24697276.254321683,14098748.979090063,14098749.072988022,14098749.155706992,14098749.24521857,14098749.335504102,14098749.420998074,18347284.64604139,18347284.706163548,18347284.77961502,18347284.865586612,18347284.947515525
6541549.852956176,4951237.1879314305,4951237.2700819755,4951237.350190126,4951237.431360302,4951237.511659718,4951237.5945390705,4881813.50163533,4881813.55162745,4881813.606949956,4881813.661564166,4881813.715461326,4881813.769938876,6588983.788939265,6588983.848731806,6588983.907874596,6588983.967776242,6588984.021827168,6588984.084632298,20409075.951929454,20409076.01343741,20409076.065229256,20409076.13617926,20409076.20998264,20409076.272095412,15438059.863584692,15438059.947294867,15438060.03480405,15438060.121936938,15438060.21457173,15438060.305940058,31170144.156539045,31170144.246146593,31170144.3283352,31170144.43036708,31170144.50239566,31170144.575936418,24758182.740362667,24758182.88600925,24758183.021119,24758183.170505024,24758183.30890993,24758183.45000159,14132673.78612157,14132673.875511456,14132673.972235262,14132674.063678076,14132674.153212678,14132674.24328768,18393692.04826138,18393692.14287681,18393692.226959195,18393692.30062547,18393692.367424928
74894678.32753478,74894678.3333139,74894678.33663855,74894678.33842045,74894678.33913389,74894678.34124051,74894678.34155756,83563360.24149533,83563360.24375951,83563360.24233103,83563360.23953466,83563360.24501017,83563360.24278666,97306224.03939074,97306224.04182409,97306224.0429274,97306224.03619394,97306224.03669985,97306224.04045616,97044430.52475326,97044430.52870588,97044430.53189854,97044430.53528737,97044430.53568786,97044430.54634608,97294289.35125594,97294289.35588555,97294289.35896797,97294289.36359966,97294289.36387797,97294289.36892533,104925501.81172566,104925501.81569488,104925501.81703317,104925501.82048094,104925501.82170716,104925501.82302734,92591426.20276183,92591426.20501487,92591426.20754294,92591426.21182209,92591426.21095149,92591426.2164765,89089558.32992983,89089558.33369273,89089558.33798876,89089558.33951724,89089558.3407651,89089558.3448832,149333751.82325968,149333751.82934067,149333751.8366523,149333751.8425434,149333751.84208792
74016071.79081762,74016071.7955098,74016071.79615042,74016071.7997793,74016071.80533302,74016071.81159586,74016071.82027009,82583059.44224268,82583059.4479527,82583059.45268632,82583059.45992029,82583059.46389957,82583059.47013804,96164702.61402003,96164702.6229136,96164702.6301559,96164702.63969024,96164702.6474781,96164702.65087134,95905980.30174662,95905980.31203437,95905980.31704648,95905980.3226322,95905980.33067562,95905980.33217432,96152907.9920695,96152907.99579187,96152907.9979382,96152908.00638287,96152908.00954965,96152908.01741455,103694596.97806403,103694596.98149315,103694596.98151127,103694596.98428604,103694596.98530589,103694596.98901506,91505215.20696917,91505215.20925839,91505215.21475476,91505215.21586883,91505215.2186575,91505215.221686,88044428.54291235,88044428.54506265,88044428.54946667,88044428.5511813,88044428.55181688,88044428.55550921,147581883.75005314,147581883.75143716,147581883.75031567,147581883.74657056,147581883.75301713
75410558.63844708,75410558.63488571,75410558.63484398,75410558.63650118,75410558.63915272,75410558.63841003,75410558.63449995,84138951.08234796,84138951.07787597,84138951.07722253,84138951.07907031,84138951.07267576,84138951.07214284,97976476.76223089,97976476.75631951,97976476.7519704,97976476.75019789,97976476.74514468,97976476.73911552,97712879.96008012,97712879.95010254,97712879.94487524,97712879.93691806,97712879.93143517,97712879.922654,97964459.76461647,97964459.75839314,97964459.7558764,97964459.74878502,97964459.74355944,97964459.73410936,105648236.5254675,105648236.51997988,105648236.51710325,105648236.51251906,105648236.50812104,105648236.50600888,93229202.8387169,93229202.83216335,93229202.82700954,93229202.8239599,93229202.81743166,93229202.80583599,89703213.7884218,89703213.78266914,89703213.77439201,89703213.76515722,89703213.75972915,89703213.74901006,150362373.62927848,150362373.61716536,150362373.60642225,150362373.59054646,150362373.57690895
75552098.19245364,75552098.18554449,75552098.18162051,75552098.17455262,75552098.16563442,75552098.158008,75552098.15292662,84296873.08170767,84296873.07820572,84296873.07555483,84296873.06926933,84296873.06620923,84296873.06272711,98160370.66995786,98160370.66454142,98160370.66054714,98160370.65951788,98160370.65627684,98160370.65515679,97896279.13198747,97896279.12772541,97896279.1247477,97896279.12373005,97896279.1207686,97896279.117394,98148331.15969072,98148331.15756285,98148331.15485,98148331.14886525,98148331.15064533,98148331.14718354,105846529.78373437,105846529.78182358,105846529.78334361,105846529.78170525,105846529.78385837,105846529.78094079,93404186.5965946,93404186.59860408,93404186.59573415,93404186.59339117,93404186.59800085,93404186.60104282,89871579.58575328,89871579.58559364,89871579.58517055,89871579.59116304,89871579.59470634,89871579.59761521,150644591.94309592,150644591.94774175,150644591.952295,150644591.96602744,150644591.9736742
6404715.100157787,6165810.023027076,6165810.044109102,6165810.065418008,6165810.084974727,6165810.107803839,6165810.129676975,6978095.13759979,6978095.158053151,6978095.177525889,6978095.199333351,6978095.220607779,6978095.24600568,9214518.242321298,9214518.265528178,9214518.288687196,9214518.315535061,9214518.3423718,9214518.37272491,18249529.077591036,18249529.1434319,18249529.21593094,18249529.277474165,18249529.34362809,18249529.39914466,31606691.182275947,31606691.284210816,31606691.388983056,31606691.48640129,31606691.602315575,31606691.708930146,21899848.223452542,21899848.292326536,21899848.358936872,21899848.42043334,21899848.49334431,21899848.5503583,17400618.948705018,17400618.990838103,17400619.03922129,17400619.084544353,17400619.138454728,17400619.195740867,19069743.08286378,19069743.139990672,19069743.19495404,19069743.25291195,19069743.305691484,19069743.364424385,20464186.18696425,20464186.24751748,20464186.301461928,20464186.35136541,20464186.407572214
6472287.102877676,6232337.60763323,6232337.619116079,6232337.631165313,6232337.648937457,6232337.663364931,6232337.6774387425,7053387.037569618,7053387.053692346,7053387.069981348,7053387.084125062,7053387.096463922,7053387.112529561,9313940.535955003,9313940.557090865,9313940.580859168,9313940.592269765,9313940.611235553,9313940.626301209,18446436.733382326,18446436.77763631,18446436.81251868,18446436.84560235,18446436.895411093,18446436.940364685,31947718.91560768,31947718.973926354,31947719.053914856,31947719.112471692,31947719.18612677,31947719.232978966,22136141.552103613,22136141.59314587,22136141.62607891,22136141.675282896,22136141.71437465,22136141.758383233,17588366.72072354,17588366.75850321,17588366.799930945,17588366.844861764,17588366.87542872,17588366.90418031,19275500.157034893,19275500.1963816,19275500.239313748,19275500.268027626,19275500.30342415,19275500.342280287,20684988.784560498,20684988.816775966,20684988.866273753,20684988.90573708,20684988.95376112
6434971.335622078,6195257.293256905,6195257.31211195,6195257.327373767,6195257.340521231,6195257.352489273,6195257.367114805,7011421.761064139,7011421.777730339,7011421.79948128,7011421.818498403,7011421.837656491,7011421.8566790745,9258525.767131388,9258525.796304546,9258525.815350454,9258525.844960755,9258525.877694905,9258525.905431224,18336686.827812117,18336686.870465178,18336686.906689983,18336686.959507957,18336686.989862196,18336687.033100896,31757641.041776612,31757641.13058526,31757641.205847364,31757641.294356402,31757641.358493183,31757641.443310656,22004439.234033857,22004439.297275215,22004439.359181054,22004439.422381938,22004439.475157674,22004439.543127496,17483722.17672688,17483722.23249026,17483722.288313627,17483722.33436945,17483722.38108021,17483722.43226505,19160817.85659082,19160817.916597214,19160817.972978838,19160818.03143327,19160818.079089552,19160818.131186318,20561920.651611015,20561920.70202191,20561920.74835497,20561920.800049227,20561920.841269527
5046877.097879819,2676202.671698854,2676202.7963662855,2676202.922094023,2676203.0459153033,2676203.1692793886,2676203.2952740565,1735975.8249082034,1735975.9060396098,1735975.987231195,1735976.0693308453,1735976.1512796364,1735976.2330208153,1922684.5204738805,1922684.6109023818,1922684.7018120266,1922684.7929373889,1922684.8849123116,1922684.9768908455,2191205.7855403125,2191205.8905460085,2191205.996867714,2191206.1009950824,2191206.2069328404,2191206.311268898,3106992.410379918,3106992.557957537,3106992.706411603,3106992.854593622,3106993.0043656025,3106993.1534085055,3288016.6514420053,3288016.8115843646,3288016.9714219705,3288017.1325294115,3288017.291990433,3288017.452164144,5788543.163111484,5788543.4441997865,5788543.728221021,5788544.005757389,5788544.2865642,5788544.561943301,3919185.611739314,3919185.8002366563,3919185.991924395,3919186.179815664,3919186.3698354554,3919186.5589346634,3456030.569277785,3456030.7354018027,3456030.9029152077,3456031.066858721,3456031.235107197
5058809.374734099,2682338.3345490973,2682338.457266142,2682338.5806593713,2682338.704347563,2682338.828683452,2682338.9513735007,1739955.8457300721,1739955.924769033,1739956.0060785103,1739956.087656997,1739956.1683610806,1739956.250600598,1927092.6008708905,1927092.6916055272,1927092.7817881687,1927092.8732693202,1927092.9632157478,1927093.0538812191,2196229.4910102678,2196229.5968946153,2196229.701413729,2196229.8051305097,2196229.911360513,2196230.017759762,3114115.712591866,3114115.862936578,3114116.0113352337,3114116.1605724744,3114116.3113867026,3114116.46130152,3295554.985743389,3295555.1447681943,3295555.303426419,3295555.4628150044,3295555.622058962,3295555.7820777623,5801814.370578357,5801814.652424921,5801814.934216588,5801815.207652545,5801815.479938649,5801815.754128508,3928170.9875340257,3928171.1770627564,3928171.36454087,3928171.552925877,3928171.7409472214,3928171.9304517945,3463954.0810765526,3463954.250892276,3463954.419682218,3463954.588503073,3463954.7574908645
5008435.282651668,2654900.327228102,2654900.451175399,2654900.576386682,2654900.703456977,2654900.8275857936,2654900.9541948936,1722157.6106333863,1722157.6916028832,1722157.77257248,1722157.8551934208,1722157.9376379284,1722158.0199064508,1907380.1270001682,1907380.217290726,1907380.308297042,1907380.3998511734,1907380.4909758777,1907380.5812425194,2173763.989492965,2173764.0957927764,2173764.201625069,2173764.308490392,2173764.415132982,2173764.521299076,3082261.057483982,3082261.206202275,3082261.3583630286,3082261.509802297,3082261.6610133103,3082261.8127472172,3261844.3817163054,3261844.5442099865,3261844.703937418,3261844.8628880973,3261845.022851386,3261845.182390604,5742466.982953596,5742467.262762295,5742467.543707694,5742467.823772302,5742468.099261415,5742468.381618125,3887989.322986035,3887989.512371404,3887989.7055071197,3887989.894860104,3887990.085175353,3887990.2763383146,3428520.9621043205,3428521.1289278986,3428521.2963974616,3428521.4653342734,3428521.634019574
5022118.602204674,2662519.1502153543,2662519.2745717866,2662519.4005070305,2662519.527670032,2662519.65452401,2662519.7779948553,1727099.7204343968,1727099.8023466778,1727099.8833051564,1727099.9646795413,1727100.0469723744,1727100.1309024799,1912853.7753077582,1912853.8666147515,1912853.9582135517,1912854.050068308,1912854.1398714331,1912854.2332319522,2180002.086889533,2180002.192033158,2180002.296186373,2180002.400870263,2180002.505626771,2180002.61212032,3091106.277211823,3091106.4266436,3091106.5738115464,3091106.726050292,3091106.8769593486,3091107.0234767143,3271204.945162308,3271205.1027672933,3271205.260139984,3271205.4232440866,3271205.5807515807,3271205.7396539194,5758946.205853872,5758946.490699598,5758946.765504874,5758947.053057933,5758947.3363102535,5758947.6123733,3899146.7334125154,3899146.9239528864,3899147.11327968,3899147.3001095094,3899147.4908882934,3899147.677452384,3438359.817923387,3438359.984841764,3438360.1493179146,3438360.316829499,3438360.482580426
5014075.9199040495,2656555.6982146967,2656555.8218116136,2656555.9450058662,2656556.0658398825,2656556.1903624926,2656556.315093913,1723231.3952018933,1723231.477224141,1723231.558388842,1723231.6389077248,1723231.7202134803,1723231.8026091012,1908569.3983725337,1908569.4898747955,1908569.5818767883,1908569.6732483348,1908569.7649771927,1908569.8570359345,2175119.3579092906,2175119.462261338,2175119.5688947807,2175119.6738932887,2175119.7797354595,2175119.8881999804,3084182.8824730627,3084183.0330676325,3084183.182691733,3084183.3294402175,3084183.4801528053,3084183.6323799253,3263878.175391718,3263878.333204548,3263878.4925612654,3263878.654044049,3263878.809713218,3263878.9717496517,5746047.464592933,5746047.743330735,5746048.02675025,5746048.307513142,5746048.590247139,5746048.872214503,3890413.5301281195,3890413.72119721,3890413.910560932,3890414.09754125,3890414.2854225035,3890414.4738110113,3430658.6767443535,3430658.8437372004,3430659.0125638302,3430659.1781034744,3430659.345559805
5051356.499289787,2678302.875994403,2678302.997001329,2678303.1193109397,2678303.2431805125,2678303.36660364,2678303.4901720914,1737338.1579452248,1737338.2409286504,1737338.323740619,1737338.4037801216,1737338.4848697502,1737338.566266723,1924193.3768565638,1924193.4672108104,1924193.557060757,1924193.64824794,1924193.7366065225,1924193.8284409626,2192925.3600197546,2192925.4656435824,2192925.569667636,2192925.67566761,2192925.7805204107,2192925.8857828723,3109430.6629909314,3109430.8116334155,3109430.9633767665,3109431.1140276594,3109431.261269183,3109431.409125955,3290596.966837859,3290597.126491115,3290597.2886189264,3290597.4476763797,3290597.605882534,3290597.760848451,5793085.792714942,5793086.080716516,5793086.357896149,5793086.638836681,5793086.919085518,5793087.198642741,3922261.2442789637,3922261.434706426,3922261.622595713,3922261.8114944817,3922261.9968003645,3922262.1834835648,3458742.7285459265,3458742.891664635,3458743.0571251684,3458743.22273889,3458743.388521788
5032800.868758065,2669366.708812264,2669366.830362661,2669366.9552538837,2669367.079609986,2669367.202313132,2669367.3272466063,1731541.5273482136,1731541.6075936523,1731541.6883679086,1731541.7694978372,1731541.8505295035,1731541.9311858085,1917773.301291251,1917773.3901951278,1917773.4815486379,1917773.571557618,1917773.6656123386,1917773.7573021646,2185608.668691474,2185608.7729531294,2185608.8781276965,2185608.9840048603,2185609.088519948,2185609.191320279,3099056.051931381,3099056.204257816,3099056.354369178,3099056.5016060257,3099056.6510373335,3099056.8004503734,3279617.8987349286,3279618.057086712,3279618.21478033,3279618.3757948577,3279618.5340994485,3279618.693530888,5773757.1835578075,5773757.4591328595,5773757.737761949,5773758.016563296,5773758.296753831,5773758.575698412,3909174.630549451,3909174.821329786,3909175.0099628433,3909175.195292436,3909175.3830494615,3909175.568198425,3447202.645119947,3447202.8095538225,3447202.975478777,3447203.14337136,3447203.307966407
5018969.309676236,2659206.6819458813,2659206.804254913,2659206.929106668,2659207.0552001786,2659207.1807913873,2659207.3080638633,1724951.0171251125,1724951.0973593192,1724951.1810275079,1724951.2626106734,1724951.344532426,1724951.4264102264,1910473.9723538936,1910474.0625575827,1910474.1538550162,1910474.2471257264,1910474.3395218465,1910474.4302285244,2177289.9242063286,2177290.028696972,2177290.1357584614,2177290.242063941,2177290.3481580387,2177290.4563536025,3087260.609798729,3087260.7613507514,3087260.9116834304,3087261.0601557046,3087261.211971691,3087261.3650449635,3267135.2258595563,3267135.384783447,3267135.542416795,3267135.7038617544,3267135.863871826,3267136.024660214,5751781.4900472835,5751781.770117937,5751782.053149886,5751782.332831739,5751782.615099612,5751782.896171824,3894295.8029354224,3894295.9912670897,3894296.1804046263,3894296.3694413262,3894296.560231958,3894296.7511158655,3434082.1587426,3434082.3254962075,3434082.4954187023,3434082.664488163,3434082.831592354
4989884.837003387,2646591.2979407646,2646591.425579357,2646591.5505735856,2646591.673570417,2646591.797028058,2646591.922648893,1716767.7823061289,1716767.864564655,1716767.946867568,1716768.0307506945,1716768.112101006,1716768.19435392,1901410.6146513757,1901410.7065149918,1901410.7991773682,1901410.890448039,1901410.98325094,1901411.0748179767,2166960.786937339,2166960.8927493966,2166960.998173922,2166961.107024251,2166961.2119933893,2166961.3168673925,3072614.541720757,3072614.69468681,3072614.846734914,3072615.0007103398,3072615.154327013,3072615.3080871548,3251635.845201483,3251636.0054957927,3251636.1668560114,3251636.3298797514,3251636.4916941547,3251636.653850723,5724494.905664163,5724495.187403591,5724495.471584146,5724495.757011821,5724496.040143395,5724496.325088969,3875821.184504122,3875821.3754498055,3875821.5639167237,3875821.7556829606,3875821.9451424545,3875822.1417073053,3417790.8134461413,3417790.982767361,3417791.152559944,3417791.3192245294,3417791.4878492826
5046237.441476617,2675775.72623804,2675775.850249472,2675775.97362955,2675776.096348886,2675776.2204291597,2675776.3430241984,1735698.87194105,1735698.953661148,1735699.0346074814,1735699.1167424812,1735699.19741489,1735699.2782659684,1922377.7797407003,1922377.871168174,1922377.96203223,1922378.0509934041,1922378.1416840092,1922378.2326419908,2190856.200194358,2190856.304091968,2190856.4101094077,2190856.5149518633,2190856.6195272813,2190856.7240924626,3106496.7198782456,3106496.8686997346,3106497.0161476405,3106497.1649112916,3106497.3156817635,3106497.4664107407,3287492.082187531,3287492.240168975,3287492.3972465913,3287492.5521321637,3287492.7130611395,3287492.871461028,5787619.642850445,5787619.919019539,5787620.197700439,5787620.476869656,5787620.76116803,5787621.038987863,3918560.3340262426,3918560.5221580225,3918560.7094039223,3918560.8978114976,3918561.08439445,3918561.2695235643,3455479.1773219816,3455479.3426905274,3455479.5092157433,3455479.6725296164,3455479.838689968
5035076.77019874,2668544.5783488,2668544.700912488,2668544.825300796,2668544.950647422,2668545.0776795223,2668545.2023689784,1731008.239521806,1731008.3220262635,1731008.4052276385,1731008.4860196426,1731008.5671665936,1731008.6496042556,1917182.6623867566,1917182.753566541,1917182.845483637,1917182.9363820236,1917183.0253215812,1917183.1149625801,2184935.535896581,2184935.640950804,2184935.7465699157,2184935.8516435656,2184935.9555164343,2184936.0596479885,3098101.5912106666,3098101.7383676344,3098101.890832069,3098102.0397389117,3098102.189780829,3098102.3418163885,3278607.8336816747,3278607.9941121545,3278608.1528109694,3278608.3118602536,3278608.4713930544,3278608.633890606,5771978.979171162,5771979.263111634,5771979.541627567,5771979.8217525035,5771980.100814352,5771980.380409823,3907970.686839277,3907970.875825479,3907971.063219731,3907971.253470403,3907971.44077386,3907971.6295296927,3446140.9851672132,3446141.1498289644,3446141.314982196,3446141.4792686957,3446141.6442972086
5002292.76176666,2652409.2685517943,2652409.391688727,2652409.518004686,2652409.64368791,2652409.7683540783,2652409.8949752985,1720541.7319645397,1720541.812424404,1720541.8941441795,1720541.9753396863,1720542.0561033867,1720542.1366537604,1905590.4528655014,1905590.5436738213,1905590.635655004,1905590.7292873745,1905590.822602171,1905590.9160338666,2171724.380088866,2171724.48552512,2171724.5903597623,2171724.695228742,2171724.8011758295,2171724.9073251905,3079369.0125206388,3079369.1618205034,3079369.3117836113,3079369.4620368797,3079369.6097384347,3079369.7607647134,3258783.834858596,3258783.9976477423,3258784.160002604,3258784.322571799,3258784.4809654923,3258784.6397878486,5737078.909954687,5737079.187747063,5737079.472209241,5737079.751624244,5737080.034996411,5737080.312904687,3884341.289239249,3884341.480257505,3884341.6667213403,3884341.8584926277,3884342.0529319826,3884342.242065534,3425304.039808222,3425304.207189891,3425304.372541363,3425304.539210518,3425304.706911798
19134593.227346193,28051932.8374287,28051932.448194697,28051932.054785,28051931.66663119,28051931.269134447,28051930.872586377,25946913.264367346,25946912.941151287,25946912.6251212,25946912.31021535,25946911.990737423,25946911.670141734,29012298.333346467,29012297.97814911,29012297.62505241,29012297.270812232,29012296.909204204,29012296.553108625,29989332.98819185,29989332.61168316,29989332.231691435,29989331.844603956,29989331.458931115,29989331.080290344,30107595.321157288,30107594.875428423,30107594.42688474,30107593.98360986,30107593.53833706,30107593.09407138,34829310.092398025,34829309.598489806,34829309.100046545,34829308.601171695,34829308.10924068,34829307.617321864,45403677.155319884,45403676.413983375,45403675.66938632,45403674.923896134,45403674.18297047,45403673.44920062,41886723.37566813,41886722.78616567,41886722.18870444,41886721.60107921,41886721.00373872,41886720.411476664,39808576.19886552,39808575.65565805,39808575.115973465,39808574.563640065,39808574.025481984
5013448.031176506,2657454.734133299,2657454.857545924,2657454.981921408,2657455.109139535,2657455.2343962207,2657455.359099483,1723814.5784954808,1723814.6598162148,1723814.7434901234,1723814.8253273838,1723814.9073628807,1723814.9902275044,1909215.3099540614,1909215.4015986812,1909215.4945784633,1909215.5880284095,1909215.6795566715,1909215.7726204724,2175855.483655815,2175855.5908059804,2175855.6959581263,2175855.8019578983,2175855.9073605603,2175856.0123463017,3085226.6609389787,3085226.8110528993,3085226.96255638,3085227.1139416234,3085227.264491595,3085227.414460949,3264982.771501846,3264982.9320827913,3264983.092844141,3264983.252683834,3264983.413886805,3264983.5731572453,5747992.109520866,5747992.389480361,5747992.673867049,5747992.958091856,5747993.233849364,5747993.512566083,3891730.162478467,3891730.3508626013,3891730.5427406644,3891730.7310727653,3891730.9225984016,3891731.114344328,3431819.72014999,3431819.8871747446,3431820.0545575237,3431820.2184176478,3431820.385016565
5008795.246926255,2657479.6576489485,2657479.780583469,2657479.9033136102,2657480.0283951163,2657480.149919939,2657480.2735359445,1723830.741391642,1723830.8234152452,1723830.902712535,1723830.9856118325,1723831.0676098217,1723831.1504459907,1909233.2063725095,1909233.2982691436,1909233.390732578,1909233.4827187003,1909233.5748758304,1909233.6661142635,2175875.874927661,2175875.980565633,2175876.0863697208,2175876.190709807,2175876.296061617,2175876.400891448,3085255.5663656727,3085255.7187340823,3085255.8711578688,3085256.020333593,3085256.1694083633,3085256.3201073804,3265013.363746389,3265013.523784155,3265013.680991669,3265013.841741597,3265013.9959096513,3265014.151511329,5748045.941266338,5748046.220626108,5748046.501325521,5748046.787065919,5748047.067858559,5748047.3459985675,3891766.612250222,3891766.803244468,3891766.99093777,3891767.181503009,3891767.377950433,3891767.56614553,3431851.8645526445,3431852.031246716,3431852.2006749297,3431852.3714757585,3431852.538777769
5039598.302470266,2671643.3518774537,2671643.4756086455,2671643.6004665643,2671643.7235759622,2671643.8494742746,2671643.976187557,1733018.3241364907,1733018.4063340237,1733018.4877186413,1733018.5699354627,1733018.652295261,1733018.7312302536,1919408.9335205227,1919409.021599569,1919409.1144464016,1919409.204813787,1919409.2973067372,1919409.390584559,2187472.733275429,2187472.8378063664,2187472.9418552723,2187473.047918667,2187473.1518247034,2187473.2556696613,3101699.174337998,3101699.324616032,3101699.4711789386,3101699.6222070693,3101699.7727605384,3101699.9219590314,3282415.0170508986,3282415.1757692983,3282415.3342389185,3282415.491859948,3282415.651751577,3282415.81140937,5778681.499605311,5778681.776064002,5778682.0519415215,5778682.333641426,5778682.6108224625,5778682.895927811,3912508.6809948403,3912508.871564602,3912509.062148172,3912509.2537319143,3912509.4457261064,3912509.6309489137,3450142.7020635474,3450142.868523061,3450143.034750526,3450143.2015904556,3450143.36963295
4992396.302227464,2648388.0620865007,2648388.186859776,2648388.3124004146,2648388.4359361725,2648388.56175411,2648388.687930092,1717933.2904992804,1717933.3729046406,1717933.4546415934,1717933.534897522,1717933.6178171062,1717933.6977615324,1902701.4734475797,1902701.5646406272,1902701.6562559581,1902701.7485546977,1902701.841102063,1902701.9324331342,2168431.9263202227,2168432.032858663,2168432.1380157233,2168432.243010623,2168432.3507183595,2168432.456702293,3074700.5278970557,3074700.6782554244,3074700.826969013,3074700.978329894,3074701.128837718,3074701.2789428025,3253843.35128651,3253843.5071210116,3253843.665883743,3253843.8253440214,3253843.98313561,3253844.143000893,5728381.182539857,5728381.461840847,5728381.746344186,5728382.025511486,5728382.311449231,5728382.594202443,3878452.419895726,3878452.610161357,3878452.800666485,3878452.9902342074,3878453.1834941613,3878453.3733154936,3420111.0966446768,3420111.2616056567,3420111.4303978872,3420111.599263439,3420111.7680787556
5027429.5802090755,2666246.841765873,2666246.9658473725,2666247.089819192,2666247.213111783,2666247.3366689924,2666247.4605135573,1729517.7602851044,1729517.842313442,1729517.9220761268,1729518.003410677,1729518.086905864,1729518.169074803,1915531.8787558137,1915531.970995851,1915532.0624617066,1915532.1520487182,1915532.244853056,1915532.336867683,2183054.213835009,2183054.3181109796,2183054.421351237,2183054.5265621706,2183054.6330666402,2183054.7377748205,3095433.992905706,3095434.141906935,3095434.2925480222,3095434.4400668824,3095434.5919311303,3095434.7412770237,3275784.8083932204,3275784.968630601,3275785.125592215,3275785.2866113484,3275785.4426886244,3275785.6008459446,5767009.04811201,5767009.330727061,5767009.6071301,5767009.891364471,5767010.173489602,5767010.450995239,3904605.7511467733,3904605.9398527453,3904606.1316789123,3904606.3239078056,3904606.5138737173,3904606.706026362,3443173.718604789,3443173.883744279,3443174.0520478073,3443174.218555443,3443174.381400388
791092.070071429,791092.0684021049,791092.0687355383,791092.0711805687,791092.0732847019,791092.0744332843,791092.0738705246,1271518.2072587255,1271518.2061223798,1271518.204304222,1271518.2081341213,1271518.209390855,1271518.2048165177,1902764.7446605542,1902764.7432604278,1902764.7407201766,1902764.7454790967,1902764.7492151118,1902764.7492071746,2505424.982206928,2505424.977061557,2505424.9639664046,2505424.961706083,2505424.9639411024,2505424.9695167714,2374136.3348672725,2374136.337337989,2374136.3311906587,2374136.3321651644,2374136.3309784355,2374136.3327909815,2729908.8872378347,2729908.878639159,2729908.8773144213,2729908.8795415657,2729908.88205112,2729908.8832051777,2393987.2486165646,2393987.2401634,2393987.242030379,2393987.241763766,2393987.243149016,2393987.224609125,2515111.1161929946,2515111.1179418247,2515111.12091342,2515111.120122431,2515111.1231916174,2515111.118907936,1946703.8954034755,1946703.9065791657,1946703.9078854832,1946703.9070291321,1946703.9023679963
790958.9130939795,790958.9147633158,790958.9144298764,790958.9119848473,790958.909880708,790958.9087321277,790958.9092948855,1271304.1838340731,1271304.1849704206,1271304.1867885722,1271304.1829586653,1271304.1817019342,1271304.1862762666,1902444.489637795,1902444.4910379273,1902444.4935781795,1902444.4888192536,1902444.4850832378,1902444.4850911687,2505003.2631460563,2505003.268291461,2505003.281386591,2505003.2836469337,2505003.2814119253,2505003.27583622,2373736.751130455,2373736.7486597416,2373736.7548070555,2373736.753832549,2373736.7550192988,2373736.7532067248,2729449.424932751,2729449.4335314557,2729449.4348561806,2729449.4326290423,2729449.4301195103,2729449.42896542,2393584.3504036665,2393584.3588568615,2393584.3569898754,2393584.357256463,2393584.3558712243,2393584.3744111047,2514687.8830623254,2514687.881313496,2514687.878341902,2514687.87913289,2514687.876063713,2514687.880347392,1946376.3233723592,1946376.3121966473,1946376.3108903477,1946376.3117467156,1946376.3164078228
1007182.8753619884,1007182.8700536777,1007182.8697400037,1007182.8638129942,1007182.8630920332,1007182.8625492647,1007182.8618563572,1636746.7594024558,1636746.7580348235,1636746.7598918993,1636746.761399085,1636746.7526605637,1636746.7491238387,2715158.6066831844,2715158.615512427,2715158.6191350687,2715158.625058892,2715158.621739206,2715158.6179865794,4744844.91766599,4744844.900533865,4744844.894308586,4744844.886739737,4744844.879956201,4744844.881350304,3700847.0812576967,3700847.0741305053,3700847.0652036592,3700847.067578649,3700847.0558746117,3700847.0379778175,3735041.830228846,3735041.8301419783,3735041.8294211403,3735041.811669213,3735041.8029478067,3735041.8021367616,4491442.673625966,4491442.674019094,4491442.670541544,4491442.653261655,4491442.666272718,4491442.660244862,4436257.207918791,4436257.198798063,4436257.185359528,4436257.195627942,4436257.211605014,4436257.20235119,4145923.9822727805,4145923.9847505186,4145923.9701273353,4145923.9590551383,4145923.9420028143
1007977.2011657634,1007977.2013983168,1007977.1994719786,1007977.1984720143,1007977.1986823513,1007977.1984939859,1007977.1957647066,1638037.599524896,1638037.5909153037,1638037.5852102323,1638037.5834736207,1638037.579683328,1638037.5749652134,2717299.940193053,2717299.9227481047,2717299.9077918786,2717299.9059890476,2717299.900095393,2717299.891125471,4748586.907129258,4748586.89514297,4748586.89408248,4748586.89009614,4748586.899260703,4748586.878948688,3703765.713699732,3703765.7117943144,3703765.714591692,3703765.69800998,3703765.6950395433,3703765.68062998,3737987.4127102685,3737987.4106448363,3737987.4121220703,3737987.3991953963,3737987.397964339,3737987.3836873663,4494984.775129986,4494984.756742963,4494984.751556543,4494984.752190575,4494984.736739254,4494984.753372705,4439755.770240667,4439755.758227047,4439755.758583113,4439755.7432178,4439755.718389966,4439755.722513766,4149193.5450994493,4149193.535854391,4149193.527445465,4149193.513345705,4149193.514444731
999334.4830075573,999334.4880833256,999334.4903233206,999334.4972503036,999334.4977609254,999334.4984920641,999334.5019142493,1623992.588425456,1623992.5984026692,1623992.6022506685,1623992.6024801119,1623992.6150089132,1623992.6232637411,2694001.1253572972,2694001.1339729857,2694001.1453065732,2694001.141185588,2694001.1503989054,2694001.1631214693,4707871.482988272,4707871.512106678,4707871.5193924345,4707871.530947627,4707871.528566594,4707871.547484519,3672008.92022191,3672008.9292545044,3672008.9353839187,3672008.949590667,3672008.964265123,3672008.9965715357,3705937.3310255404,3705937.3331778627,3705937.3324214653,3705937.3631000603,3705937.373052499,3705937.388140519,4456444.188324864,4456444.206318742,4456444.214982738,4456444.23162861,4456444.234068806,4456444.223463247,4401688.782344188,4401688.803478517,4401688.816561018,4401688.821657882,4401688.830508673,4401688.8356386935,4113617.9939962244,4113618.0007635187,4113618.0237956718,4113618.048967598,4113618.0649209023
14084384.555240192,13435966.488472188,13435966.506682165,13435966.529434718,13435966.549392,13435966.566162534,13435966.585211324,14477123.750142606,14477123.776506176,14477123.798240744,14477123.823975747,14477123.845426565,14477123.87279007,16238408.840753427,16238408.864228634,16238408.891458984,16238408.921475805,16238408.94628422,16238408.969703645,16220476.882194854,16220476.905894874,16220476.931457175,16220476.952552488,16220476.978158697,16220477.004094938,13770134.147182327,13770134.173465747,13770134.19821386,13770134.217485983,13770134.239879245,13770134.266100723,16778477.288705565,16778477.319540784,16778477.350927178,16778477.38048893,16778477.411603812,16778477.439726904,17708730.51011763,17708730.539569516,17708730.566177346,17708730.593581785,17708730.61948181,17708730.650323793,20275510.513499852,20275510.548757426,20275510.587828863,20275510.62652454,20275510.662592325,20275510.694456026,20014353.669198636,20014353.708235618,20014353.74906258,20014353.788866363,20014353.820129875
14023256.379095435,13376663.397865063,13376663.4233295,13376663.449702892,13376663.471779762,13376663.49273055,13376663.516452508,14413225.27410404,14413225.296812043,14413225.31847897,14413225.341233782,14413225.361254456,14413225.39051336,16166736.478890363,16166736.50423917,16166736.531676251,16166736.56102634,16166736.589377029,16166736.62074689,16148883.683461966,16148883.712384844,16148883.737113053,16148883.768627357,16148883.795562478,16148883.821803411,13709356.172839388,13709356.201210888,13709356.225837037,13709356.248486133,13709356.274009917,13709356.297010822,16704421.24711965,16704421.27494389,16704421.303257495,16704421.325319028,16704421.355708929,16704421.385848649,17630568.54967597,17630568.57926048,17630568.60962489,17630568.64465953,17630568.67594714,17630568.70227716,20186019.43558838,20186019.47504094,20186019.51238042,20186019.549425572,20186019.582062606,20186019.62217903,19926015.276723213,19926015.307888106,19926015.34496925,19926015.375847224,19926015.41139728
13910173.204076964,13269673.54422891,13269673.570985014,13269673.596970143,13269673.620511506,13269673.649000475,13269673.67630396,14297944.756577747,14297944.790443903,14297944.823392939,14297944.852892635,14297944.882819474,14297944.907156369,16037430.992505593,16037431.025574503,16037431.057567721,16037431.085748514,16037431.11768725,16037431.146187702,16019720.997457178,16019721.027400427,16019721.063404763,16019721.094741724,16019721.133133026,16019721.165857501,13599705.447865447,13599705.471312173,13599705.498317352,13599705.523623958,13599705.548938444,13599705.57888339,16570815.280461047,16570815.316020282,16570815.350672541,16570815.386010636,16570815.421703402,16570815.452259634,17489555.076134935,17489555.112109672,17489555.149853364,17489555.188513454,17489555.22899891,17489555.26002313,20024566.903605238,20024566.950559996,20024566.99012588,20024567.029651906,20024567.076394837,20024567.11612315,19766642.355888348,19766642.39725686,19766642.43489582,19766642.477054108,19766642.51360838
13995281.19922397,13349852.730104834,13349852.753374549,13349852.76949851,13349852.790064782,13349852.811690137,13349852.832583684,14384337.022580082,14384337.047018941,14384337.06935785,14384337.09700549,14384337.12477434,14384337.152293757,16134333.705413666,16134333.73529436,16134333.763113145,16134333.791326977,16134333.823742142,16134333.851687955,16116516.694305023,16116516.721399345,16116516.753148383,16116516.780146439,16116516.806240473,16116516.83521776,13681878.703915667,13681878.726520704,13681878.746836362,13681878.772922236,13681878.794144774,13681878.820072044,16670940.799402585,16670940.828039749,16670940.8514586,16670940.883401208,16670940.91030425,16670940.938637555,17595231.84274571,17595231.87309896,17595231.90472572,17595231.93346027,17595231.959483027,17595231.98921704,20145560.86956874,20145560.904394656,20145560.935875826,20145560.9680879,20145561.00035709,20145561.03517435,19886077.817611568,19886077.84819143,19886077.88315281,19886077.919483997,19886077.95071868
14067188.314537292,13418197.944518311,13418197.964287413,13418197.980891125,13418198.000462882,13418198.021360671,13418198.042371096,14457978.31834121,14457978.34110892,14457978.361051446,14457978.380869174,14457978.404374203,14457978.426754974,16216934.16040693,16216934.188813757,16216934.216726135,16216934.242221957,16216934.265177542,16216934.289575648,16199025.9103772,16199025.936604654,16199025.962068558,16199025.98708559,16199026.011445947,16199026.03570406,13751923.66138151,13751923.680713791,13751923.702789336,13751923.72304765,13751923.743056301,13751923.759604653,16756288.35865768,16756288.38366865,16756288.410324939,16756288.438488107,16756288.462393643,16756288.494744778,17685311.334846385,17685311.36491466,17685311.387995105,17685311.419070665,17685311.45131273,17685311.480472762,20248696.8686556,20248696.902189083,20248696.935005356,20248696.963843092,20248696.99662924,20248697.021048315,19987885.364650853,19987885.396774724,19987885.425063066,19987885.457794543,19987885.490867108
14027913.323188508,13382939.773001477,13382939.792723846,13382939.813270656,13382939.838854287,13382939.860615354,13382939.882533357,14419987.996446948,14419988.021061817,14419988.04590354,14419988.068847999,14419988.092665784,14419988.116240265,16174321.958047653,16174321.991642639,16174322.020893518,16174322.050737396,16174322.079801498,16174322.109841393,16156460.789994696,16156460.81803449,16156460.847266003,16156460.879393991,16156460.907827128,16156460.937847361,13715788.663957322,13715788.689751144,13715788.718427124,13715788.740678648,13715788.765588146,13715788.792081553,16712259.04147427,16712259.07294715,16712259.10733983,16712259.139174642,16712259.169607248,16712259.196676755,17638840.917450923,17638840.94752123,17638840.98021455,17638841.011281654,17638841.045097645,17638841.081828304,20195490.852163304,20195490.883923817,20195490.920335263,20195490.959384944,20195490.991024617,20195491.02513446,19935364.68629401,19935364.72814019,19935364.765701767,19935364.803861644,19935364.841997318
13978004.192566471,13333823.649181353,13333823.67567512,13333823.700146627,13333823.719293926,13333823.744577665,13333823.765713826,14367065.853040887,14367065.873342978,14367065.899070501,14367065.920871347,14367065.943901354,14367065.970163638,16114961.30904366,16114961.34229649,16114961.369960401,16114961.394907862,16114961.422024477,16114961.453461634,16097165.692434,16097165.715503931,16097165.74795276,16097165.780546116,16097165.815958166,16097165.839352643,13665450.961789167,13665450.987433515,13665451.014372032,13665451.041502569,13665451.06839298,13665451.09437062,16650924.133723132,16650924.164153302,16650924.198398849,16650924.233851565,16650924.264610138,16650924.298897645,17574105.411347818,17574105.44378302,17574105.48249483,17574105.517229423,17574105.553941917,17574105.585061833,20121372.313974544,20121372.34979681,20121372.398116607,20121372.43654747,20121372.48034321,20121372.5198318,19862200.867926154,19862200.90832359,19862200.94886371,19862200.991749473,19862201.029399138
13962820.155507118,13320617.468656396,13320617.497144265,13320617.52304178,13320617.545293355,13320617.565728549,13320617.589571383,14352836.334156027,14352836.359787533,14352836.387424286,14352836.410882955,14352836.4347633,14352836.455078498,16099000.635036554,16099000.66284043,16099000.687282357,16099000.722932449,16099000.756167635,16099000.786782157,16081222.646394525,16081222.67925761,16081222.708046049,16081222.735913385,16081222.771115568,16081222.80392403,13651916.355738781,13651916.383396514,13651916.404603232,13651916.432677709,13651916.459664771,13651916.486771492,16634432.634825332,16634432.664869128,16634432.696046883,16634432.723118795,16634432.754726984,16634432.779252877,17556699.547321685,17556699.581076235,17556699.61700717,17556699.65893318,17556699.688877188,17556699.721362025,20101443.575722225,20101443.612551097,20101443.65070817,20101443.68807714,20101443.720796615,20101443.759590536,19842528.783411153,19842528.821558565,19842528.858524937,19842528.894372188,19842528.934283715
